fieldID,mean
fH60ZF15r2,1265.0
LQr6wmjNCj,1731.0
wphsZasj3t,1658.0
P4pUnwME3i,1653.0
01oiR9vGSq,1372.0
EmsqTyCm7z,2026.0
gnWVFEa74g,1991.0
6ljp1tgfYJ,1907.0
1GKoxvyK78,2012.0
C37r2aJTbj,2025.0
PKBcRNdapF,2025.0
HVMFix4I7i,1925.0
VMfjsULQjY,1933.0
pWi9H2lkp8,1920.0
nYKeawagWb,1927.0
1Z1sjIjw4T,1935.0
QFjCVnSvWV,1920.0
sdEWO4ot2u,1983.0
9uBjRK4BxC,1919.0
Slosw6xd9V,2009.0
ZbSwGFmIDk,2025.0
S7EBTyyESS,1914.0
swwNEMYewV,1967.0
HJyQaKg7vQ,1941.0
NgUr22ZqJQ,1973.0
FqDwElStmf,976.0
6nKYyIh5nN,1452.0
5bhiXOdVSZ,1451.0
l6EFiJZ19C,1106.0
reI4mIWIwS,1026.0
55YMd1vnNE,921.0
I5QV0gCplp,922.0
sfpJK0BUMg,910.0
llK8ahAK7H,911.0
VULb7TFwFd,911.0
iMj9Qip0uX,910.0
jwxrBGapOX,909.0
iafBsJdjkm,910.0
crQMTgoeUn,910.0
LQmIqmwDcq,913.0
vXwytxe7Aq,913.0
YKNGybEoUF,914.0
1DhXoJ0igJ,1581.0
wxMMeu0M0P,1607.0
zqVq0EHadG,1595.0
KoobeYGQSt,1607.0
GBRlhrTg5a,1565.0
Xw5saVV0be,1607.0
gTZEfxbD3K,1570.0
XNby56JO1s,1127.0
9WiHCKdzTF,1533.0
1JhwJWx0ep,1505.0
Ch83K0cZCa,1500.0
gHzBJT3ulR,1503.0
6UsprPCJZv,1549.0
X7m5IBrmkX,1549.0
k7DaBngOxt,1263.0
QxVXmt6ZGQ,1420.0
mB4aQWfRmw,1489.0
4pXpkAjdBd,1592.0
zKNbW9aZmW,1493.0
Us6lsQ6z1b,1517.0
k1DvQB0gWu,1581.0
0q33COH7UR,1574.0
aLbBLRpDJd,1606.0
3f1sgwWoUz,1569.0
gpdNMU9BtC,1568.0
xHxHAZoIdj,1563.0
5s40SFosdR,1557.0
leZ8lnRNMH,1583.0
3V5ShWP4ZF,1581.0
qLU2R3T3dh,1602.0
Vhz8FwlIOi,1603.0
4Mv11II6Kq,1602.0
IIQ2lyGXK0,1579.0
VMyfIzKgR8,1581.0
hdCSNmJJpQ,1605.0
zX5PD0szyI,1570.0
1sBL5QRN6S,1830.0
3l3lMcf6P1,1854.0
Yk8KzFky2K,1852.0
Ggwjtfj0vS,1831.0
VxwPeLHLSH,1842.0
dVH0cr6mKl,1454.0
qsoRIqbYFx,1513.0
rPD6Tw40dZ,1508.0
jKVVbT1JMd,1417.0
N2HUACv0hY,1438.0
7vDpMyKj3j,1405.0
uyHTlphoDv,1503.0
xcmoKYeSvl,1517.0
2Z6cztb0e2,1512.0
kJnMyJHgNK,1505.0
P0HNYxvujx,1503.0
8OyPe0aZBr,1496.0
sOLrbVVltD,1514.0
HUuQD1FwrG,1411.0
RpJUMoQh9G,1450.0
mwG6RidOzt,1423.0
vNYs4xti7J,1515.0
RcQ0vtNZyi,1586.0
wgcniaejL7,1578.0
GNu2RwDQG4,1579.0
wGkgwS813i,1619.0
UUrIND1yf0,1630.0
V4VV2lh6iQ,1587.0
a39mJBngVn,1637.0
TsiDt9CSku,1590.0
28jFFFDzhu,1591.0
CqqA0Xkid1,1580.0
XGx0KxYf4S,1592.0
rgnwFX7uuF,1611.0
9HOSZdSyk0,1609.0
RfJfDK86u2,1578.0
DmevXkFAuT,1586.0
DmevXkFAuT,1584.0
E4xYD0pJCJ,1563.0
TPNOnPSsTu,1597.0
QWzuUW2rQp,1607.0
ZJjgkJYRfl,1542.0
IOe4VUSh5b,1513.0
OnN0g7x67q,1617.0
SEeyhszhwP,1628.0
Po75WNtaex,1632.0
BqA8NWRTYA,1592.0
bHz8Fe0kkx,1589.0
HSLwn9JTwg,1592.0
dJthysrcJ1,1586.0
S4uN7Vvhto,1317.0
OJR7YrJYQW,984.0
FHLmdZ3PgK,1292.0
scrndU5Akb,1383.0
QNbqhyPHkW,1381.0
t7G3atFrof,1463.0
Mc29PhPrMv,1464.0
tLNXu0VDrY,1469.0
z9IDD5Uk39,1467.0
p8Jyb3wE4V,1469.0
7YiqmKCHdS,1475.0
axRzwaUCzV,1476.0
jhYDL5p7qY,1480.0
OcjUVSydtU,1530.0
ZHsGQVZh20,1527.0
ZJziTzTa18,1507.0
HHyFwfHHhx,1459.0
OYOBUF9ERe,1463.0
VuWyo8xZZL,1463.0
C1oVoeHfcW,1514.0
RDVbTbVSh5,1510.0
uVUZyIdCsJ,1516.0
hvxRQfzDIV,1511.0
26hT83qTi6,1440.0
VTxwBRs7Dh,1437.0
GefRncQpob,1434.0
QqQd3gHUOe,1468.0
wIXbfQTAal,1453.0
64nnC6Q5ID,1454.0
q5uvrx5H7Z,1460.0
FdjilQwzxp,1464.0
WRKw5Vwfoj,1374.0
ZcWq7jk5tH,1376.0
iXjEopWtoN,1362.0
c8huYKQLe7,1371.0
eObKkLj6s2,1503.0
pbAD15RmyO,1505.0
paWOE7Vhil,1505.0
5QSdYUa1fq,1450.0
bIDuSNwY7b,1373.0
DiNUmVMwJ9,1449.0
pJ2vZRdZwX,1468.0
sce5usFFUw,1435.0
89mzRQVYja,1432.0
TgoYMgAEnh,1446.0
8Fv6qiFheR,1562.0
ni1XrZx1a1,975.0
oFABwMUatW,1034.0
hDL9HYJvID,929.0
kLs01wJz9a,1019.0
qCySWHprsA,991.0
rbGMZK9Xhn,1007.0
FcUIJudv6w,1019.0
QeKgqdRsFz,1014.0
CGH5IO4FAO,1016.0
Elqh1QW98y,999.0
UpioBNOKBL,991.0
dLW53O0RIv,1003.0
laMDhnFDXr,1000.0
o9HKIZpSx3,996.0
nQHx5GK2zH,984.0
UY8mBUiwdC,1009.0
RVztyvxRua,1025.0
c5gybJEhE9,998.0
g8ShyNNJKX,1019.0
iLm9fVV6aj,989.0
y2cdtSTqTY,928.0
abgm8gzyz6,942.0
vg8K9QAI1N,1059.0
rakS4U2DVW,1589.0
F5fJR6KaRb,1571.0
RTg2I8ggkD,1067.0
pqBge87GsV,969.0
EdoVls4yR7,1583.0
wjYE5NdBjf,1576.0
MnfxLnilgq,1564.0
1bHVaOzd71,1609.0
bwimp29Kqx,1591.0
F1CWSB7r8L,1579.0
xYGYIanQ1c,1232.0
pN6hRJpUmg,1289.0
MLakQd4fWg,1584.0
9T3DPCv0pe,1090.0
SRP0wTkrDI,1555.0
HNHFjQjytG,1578.0
NtBghsY5QO,1561.0
q1MEclQ4Q9,1561.0
Y8SzdfbUTZ,1592.0
U4CvXhQ79y,1053.0
xqabOG7YQP,1427.0
uMbLaNLKG9,1586.0
N0tvFzEzfz,1004.0
8WbG70Q4pu,1067.0
d3fbulqKz9,997.0
1UEiMVVO7s,1581.0
VRiw8hY0rm,1103.0
U7uHN8u8of,1045.0
4MrxPdagnK,1042.0
YDwfUC2Dzi,1050.0
iL8NbCjrjT,1047.0
TvkW273tEj,1047.0
h3isNdunAa,1026.0
R6eKZTlv9r,1038.0
sS12A9oXSH,1045.0
aUkMPodjic,1040.0
GcIHlhFjpd,987.0
7WheHyjPLD,984.0
YGMk5A8BxR,1008.0
IMoaDhK7KE,1010.0
14hruH42e1,1007.0
xY33bhZBxT,1003.0
Udx2uJeMoe,992.0
hMVrgtAj4p,988.0
ZeWSP8WRFr,985.0
UXzXXJcvyk,1015.0
1lW0j274mG,1073.0
sNm4MZLbjb,1008.0
9CE4hRVNTr,1012.0
2yhfr1hh84,1079.0
xJJrSbDRpy,1008.0
aBk7UEtr5K,1002.0
KFuMguNSfy,1002.0
3BPNl1OEKV,1004.0
u3Ql87T42O,1064.0
GcUa6T3BY0,1005.0
ThW8gSqdZZ,1010.0
ohFCSl5mkU,1006.0
XFIx6WuT1f,1001.0
Znr0ykK4aP,1010.0
nkAtVaSp69,1074.0
W6EGoLchVw,1010.0
l3934RNf1c,1072.0
hQ59AJjCzS,1007.0
UjwezsfMef,997.0
8M2S7ps24s,1072.0
rjKUi6W4mk,1005.0
7pkVH6bYs1,1006.0
CAZqiXfHWw,1004.0
twNFDOg5o7,1008.0
mutj7utITm,1062.0
ZLk2AaEOC7,1010.0
Wbm83I2gcK,1011.0
bVgC0eBouB,1068.0
IrqWB4UsVl,1034.0
YhtynQN8TX,1014.0
c3rd8HiCwd,1018.0
yjLKd1OVWe,1005.0
vNPx16WHXB,1017.0
x3ueTvpwub,910.0
SppVkFPFMQ,1089.0
MvP0OhWt5I,1414.0
ZxV1b1Yht0,1411.0
nL09pQKwYA,1435.0
mqjsFnQi3F,1498.0
UGEyvE6JB6,1495.0
8NHWlSOa2n,1490.0
wsYv50XPLi,1482.0
iXsIEeGQ7I,1571.0
9ZNrt2RVyP,1583.0
Cu0FHM9rM9,1017.0
9Ozt90tEFl,1013.0
CxTUhKpzpx,1011.0
GxkODwJi78,1002.0
mnKHIHyRzT,1070.0
MqmEKpq77V,1575.0
0jyrfGQ2nh,1410.0
zsoKWlPwxG,1599.0
a5DHLpqCQk,1300.0
6cCz0pttmo,1338.0
mEX6VlSKlz,1365.0
qTjxZraR5j,1584.0
bvS9yZmLpp,1573.0
VJpU7hDN0P,1574.0
FJpPYbtPzL,1573.0
9RNyae501V,1592.0
IBvxW680YZ,1587.0
HD9gMMxeMW,1616.0
qnxCbBvmBt,1619.0
zH7269lw6n,1618.0
KtddjMfxl2,1617.0
XNMCb9IRdR,1617.0
EPKTRU9kPs,1616.0
XCsWq1hpsc,1615.0
2OIu3Xj543,1615.0
DUZcaG97eL,1615.0
e468XrBkyv,1628.0
e7lZpTV6HX,1626.0
OCQtj8gJ7d,1625.0
Ncj7za0lp7,1629.0
f7E4TyeXvS,1627.0
GbQyWyoXgc,1627.0
vw8W8fp8cB,1624.0
O4Z8LTsP2I,1686.0
mOpu3vIh9j,1685.0
pOBHsGdG6z,1479.0
2SV9237wH9,1589.0
N4OqSCmxbb,1585.0
IXhtWHUPg7,1655.0
9WLEyXbunB,989.0
pYPkkLMhZW,989.0
nBaaTM9PWc,1689.0
WnnC6LWOnV,1693.0
IyV9XqXBtX,1693.0
3Yec4p85nX,1567.0
wsH0pt1s7R,1453.0
BgVkk1BueU,1468.0
W2ZVdgrx7T,1624.0
i0GL3e4euY,1615.0
vWZ12ZTDID,1619.0
aYd0FA6vRz,763.0
Uea8qsZW7a,852.0
9fcrB2dDkX,914.0
PK3oJOjpvT,912.0
MQkhxUXpgy,909.0
gPOpdcRP8V,1592.0
7kAUxnDYib,1591.0
DjUl2yqcOP,1588.0
O6ktDCPLha,1589.0
rE5yoAYHCm,1592.0
etiew0QHBf,1588.0
YHtGZtu8Xt,1580.0
W9aA3tzncr,1583.0
E58Tr8WHXD,1581.0
ioP4FwFXJ1,1585.0
oVaCM9y5Jw,1578.0
CpNIXCQD9u,1583.0
w9mgQ6OIs0,1583.0
UuUzawmgpj,1586.0
czmfpUQQgE,1577.0
iEfXEStrkD,1576.0
5Eaa2PRVUT,1572.0
AVoJj6jNvg,1571.0
EhGmj8QPYF,1571.0
8GiH54bkG0,1567.0
zyiEBUjkb7,1576.0
bSjHFCBASv,1576.0
wX2fIRu5Pk,1556.0
mVHHZlFQsG,1571.0
2gSHhdqXB3,1579.0
RixBtCglBQ,1566.0
WJ4tdwq2Dp,1570.0
cKQuaFVeEW,1547.0
J0kCMnLvgf,1546.0
dulG7MQEJa,1568.0
ZGlYBNVtTx,1581.0
tbyERsIr7X,1577.0
q7UoBbU3HY,1593.0
qsjzP6Aqba,1601.0
y1BrfGaO8H,1583.0
2P9kLAkAme,1583.0
A3s77Gx1XE,1569.0
RTuLqTHKR8,1567.0
EfL9EmzC7p,1580.0
wKGlaEm2dv,1586.0
u13THPuoEM,1574.0
S2fCu0klCw,1571.0
aEYeimwf9v,1584.0
MAiepSV8Ik,1616.0
bfH1XW1Cgx,1613.0
QawJZxTRJm,1613.0
8txjz8W0Qn,1611.0
TOjoAhcQlZ,1335.0
zrzpwMiUVf,1339.0
J7VB3uQoGx,1364.0
81H2SCYsdB,1394.0
wCjTHFUVWY,1400.0
OLgrjbmSdT,1387.0
ybai5kpZKa,1390.0
cMkGvINf8c,1393.0
gLZqXCSAJa,1381.0
DVRyfByXUM,1366.0
MJOUPHWInn,1376.0
BaYSGm9Qtp,1381.0
tOrRmOqrix,1367.0
e9xGxJ78Vc,1547.0
KWHXZ2CgPg,1272.0
RpddUFMmEo,1591.0
rXTeLS43k7,1589.0
2ooHnLHI9T,1558.0
MuHVuVJk87,1136.0
WoxBVLXhTY,1117.0
aEfU0ywY4r,1446.0
pDOYhugPBN,1460.0
ncypF9a4Zq,1462.0
rLeV9BaMkF,1462.0
og9BIFemqp,1127.0
XoPPLez4vq,1552.0
1sRZQj9vHQ,1553.0
Y2hPr59u6Y,1552.0
FVCsWeuYHX,1554.0
CUC9uQ33RJ,1549.0
VAq5WIbeof,1260.0
WQcGtVcJdO,1407.0
W1lHPZytqD,1599.0
26nUvSpBuF,1608.0
9WUJFeKkuA,1634.0
qbctmJmFDp,1531.0
7LnWricAZJ,1524.0
cELHZVgcyh,1498.0
wU2j1iZcLB,1502.0
aEfenQzw10,1569.0
Dkibm6HWnW,1600.0
AfK1JBQtQg,1579.0
KVbE0zXPhV,1596.0
4AWKiZrchw,1567.0
Qml2SIdJxI,1565.0
A9bIo209PW,1567.0
ypdLeaJZjc,1565.0
ty4NXuHbV0,1568.0
AqXGvGmxGk,1591.0
nQXXBMy4Fq,1589.0
TsIXP7lygH,1582.0
1ZzyuqIpIT,1572.0
YnUR1vZyFv,1474.0
xrbIVPTf2L,1425.0
OYMq0xF6SR,1411.0
a5RweAOXhQ,1504.0
dTRe5ItRxb,1420.0
J9aaqXMd3l,1585.0
0Fe7eriZuz,1585.0
WhTxEbqTtR,1586.0
yFS9utdn2n,1583.0
x6VUuk53JV,1611.0
ZLOZowuqah,1618.0
KDNP4WwbCr,1615.0
HrIRGap3dT,1614.0
kJ56i8dgOn,1625.0
7XoBxTtXl7,1583.0
2xhMpkuKbB,1592.0
wb9LHXSO5F,1595.0
u0pQDnHd1W,1591.0
ks282X6e5H,1603.0
8fvL6k3NCR,1628.0
CAYxozvmXQ,1578.0
WuxkI4REsn,1579.0
zc5twtpthN,1607.0
VOBbpNGI8h,1629.0
dlsLOMMBxv,1613.0
zKdkBa8rmT,1595.0
MkFvVrz3Bv,1589.0
6mhnp6MgQW,1598.0
yowDkUsl9w,1596.0
OlNDYQoNKO,1611.0
lyYJHvsmPi,1577.0
ICsA7wvfT1,1605.0
7AmVw5YsAw,1607.0
ZGXlC2Bp3s,1396.0
mYNWp7Bp1h,1440.0
Pq9VRoBezZ,1438.0
uqAaZAV2kN,1442.0
gxQD8gWYjN,1439.0
hlMInvwMsw,1411.0
2XoUQI3aY7,1414.0
KTcFjRxy9C,1615.0
anjbxfmWyj,1625.0
60Ly09XdX4,1617.0
YWDVJe7Ue1,1625.0
U3HkAdsfxH,1628.0
TSBIQ3QxTi,1630.0
MEdz54Rw3Z,1629.0
8eJWWV9hwH,1595.0
ZI8otUwReb,1598.0
0Ftn1WTrtl,1591.0
izeNwkZKev,1468.0
Oz2ymO3l9q,1449.0
GFZwUcBHkw,1324.0
7BHgBOpQYJ,1333.0
liHedjqnaO,1338.0
ykp7ZokMc0,1353.0
9keonpbKBM,1354.0
1mqKejBw8T,1355.0
RDR27zSagN,1355.0
l7pPXiKtAi,1354.0
Z9wKi5KoQ1,1308.0
i8LPeqocMM,1308.0
QnTx6kpb83,1303.0
D5dsISHO0U,1294.0
Hpzdfp8zFP,1278.0
Wd9EMSWE2Y,1287.0
G4OzmeNqwr,1292.0
px8Jc4E5D5,1403.0
l1m886m1Jj,1412.0
tjMeCYxS3A,1406.0
paVq21NT96,1417.0
dIwsx7dW5Z,1423.0
0lk3xG3wQJ,1419.0
AVTlXJ6etm,1531.0
BbLD0bF8xU,1525.0
pYCEUlW1Sq,1545.0
GkLRAd0drw,1541.0
RFfU93VDAB,1421.0
SZaxJE367Z,1377.0
6xUlPXdycU,1374.0
1zHsj3k58r,1443.0
5N3d6Rg0Hf,1544.0
ijHElQreip,1578.0
EOktNmcSXZ,1568.0
rebaf6fUAh,1585.0
WuYVc60PnG,1505.0
GWSanTlmWz,1575.0
xnKu7AXsWa,1574.0
dBmEm5IrfZ,1576.0
W2QOcniw5Y,1574.0
f29jnffjGQ,1581.0
BGqUjKJna3,1536.0
1h3h7w8TXX,1568.0
6NaH37QmxY,1568.0
14Ma7LRpX4,932.0
zxHGgtWyRv,919.0
pJLOx01ax4,935.0
wWe9TSCN4v,883.0
gz7NsnxDdx,1246.0
bjS8l2hoXS,908.0
Afmtpp3CRC,919.0
kCIUMIX1yw,918.0
pIGnaVjKxH,926.0
67YcZOgkQt,1280.0
Tp3cd304Lf,1310.0
st8QgnIgL2,1252.0
qjgvdh1MBO,1318.0
pXIVGLw2ih,1582.0
5gnvZy6G0r,1596.0
pWG3uymRLq,1487.0
uoMaLpJTcm,1586.0
2Lb15CKrbx,1008.0
LNOwbhs3hF,1615.0
QeALfJ4Y2k,1615.0
8HBqLuMzDC,1602.0
K7gMqugPt3,1596.0
OmKQnrs9qg,1592.0
FqMlMi2VjR,1590.0
0SNPYOIHBD,1597.0
y6wgyWPy8q,1600.0
9rbFJT8JHx,1603.0
m5Z1RGAPaa,1588.0
GaVjsenBet,1592.0
PYQpWjGxvV,1580.0
ZBmsUl4RNX,1583.0
IEuxpYM2AP,1582.0
VWyYXsGp2P,1580.0
fW0WuQGY9a,1579.0
vXPGUF9mPE,1584.0
q25RFjj9B2,1582.0
uMO9eftbnI,1571.0
jiaN30jo1P,1565.0
7lzyXUblKX,1587.0
BMEl0xsl8H,1604.0
Ygzel3NR6U,1600.0
t0hc4MSULX,1053.0
lGqHOfy9Tl,1585.0
aexviNBUCo,1598.0
ddFGrU6kZC,1594.0
R5i05D9JAD,1601.0
wVoGh48Hhg,1277.0
LMUuB47SII,1275.0
4avUCRS1Ek,1269.0
KvUihg2X8A,1586.0
4Eu4ce2kNd,1564.0
rT9WNvey7o,1575.0
cMZADc2O85,1575.0
FRLigvB1Gq,1574.0
XlglBi9C3f,1576.0
jCbkZGZySn,1576.0
48uBFkcBxZ,1564.0
7KIvhlUB98,1566.0
TZwguwTARV,1565.0
3MRwPQtNlF,1553.0
Kxv2uAvrOI,1301.0
1zzDRUvgLG,1335.0
7w96t070Zp,1301.0
QoyLqqj0ma,1589.0
dCFDZhgv2b,1608.0
PsnylcsXw9,1369.0
9efKerphUp,1594.0
3vBS5r7zlv,1562.0
WHVTgR9ens,1567.0
vbQoikNDHB,1501.0
RjWGTY2YIj,1501.0
DgdcgxxAiH,1503.0
XrUbROPSWo,1411.0
nYHOVlg88F,1429.0
Xjl0it9mV1,1569.0
Bz1oeIyYMk,1573.0
B1vNLWlicH,1560.0
vuB9hUvIrb,1549.0
W7PdiwImqH,1571.0
RaHqyTbecg,1485.0
rKBzo4vnZp,1394.0
Jw5Jur02C0,1303.0
BAzH5WKClp,1375.0
uyYWcWgyi9,1620.0
PEFoOgztzg,1660.0
nIp2BflDeD,1651.0
ll46JBcqsl,1083.0
jV0mt76LJ4,1038.0
rnZqcjbymb,1034.0
FuHakJ4IY3,1035.0
qCphmvWvlb,1046.0
MAoSMmYVhx,1087.0
Bd98uu3Ml7,1063.0
BmPoXxvJAi,1033.0
Yxfrwy4BNz,1048.0
cOk3r06AoY,1056.0
tjR7C6oL5b,940.0
60ByEpREYd,1047.0
ZI99iGlK6q,1087.0
gTURR1oU2o,1102.0
XKQqp13oPl,1091.0
7lFFHbSwc2,1040.0
X8HgmOakUN,1046.0
1JVQSLkiTt,1044.0
wdqF4hf376,1049.0
tIC3eqlDsh,1051.0
0NV8qWNcqb,1046.0
gxy0W9qzhO,1024.0
JiduSrcQ0q,1038.0
7p4af68zjF,1041.0
ZMfEp3vhKL,1037.0
mCBUQVvQ6D,1041.0
OKsirFSWWy,1042.0
2pvprpxZ1U,1041.0
h9YbKCV8c1,978.0
t0EZzzYnlk,979.0
ykQ5uOSFK2,979.0
yALrFJsJ2l,990.0
JMCMsamjpW,988.0
pB1PqzaDjv,988.0
XPRWUtPAsM,1000.0
TnjCc2rOXY,1009.0
Af9L8UTyOK,1077.0
OLopVxDMn0,1074.0
Ixth9AyTrD,1079.0
kj11hDt03F,1083.0
mhmgEGnfny,1083.0
8F5IkadhD5,1080.0
In2QwtIuBq,1068.0
clCwxqMc0K,1071.0
EdieGcjahj,1073.0
ab3g33jSmV,1078.0
jJCLwlWhdA,1070.0
R6c2zSYKRq,1064.0
rGijMlfv0K,1065.0
RohiSEqsKe,1070.0
S3Vjjhw0lj,1065.0
oYxl8s5fst,1037.0
Y9kLgfYxTO,1074.0
Kunh61qG4y,1346.0
wdbFBLkmkD,1339.0
HAecqVuBuU,1343.0
xhjy3vEypJ,1391.0
mTpGa2mO79,1391.0
CiHuKF9pe4,1386.0
IR8JLF8o3n,1381.0
MpeFSKmHQs,1375.0
UOmG1d5vFE,1372.0
923dtZqRDV,1386.0
Te6lzRDCwb,1393.0
suaqTUg1C0,1392.0
HLDJ6YnGvV,1396.0
uyZns08gYo,1385.0
1GgXjYWOQd,1386.0
IqzdnbN1Gc,1385.0
LR1Myc7aQ8,1393.0
DHs08eQDpk,1377.0
zpZshTcnhR,1392.0
aSQtbaNjRc,1334.0
s4HshQd3iH,1338.0
6VAnqatpHE,1351.0
l7Sg6mM3tQ,1336.0
gDgqCVFmYa,1329.0
o8dad234OA,1389.0
T8ZWVkRNn4,1394.0
DRuFoKIS3c,1371.0
zuf34RR6U2,1376.0
JoUdbOm5VG,1376.0
sRg6qHEECv,1601.0
W97IKVbq7y,1596.0
4dl7P5twSl,1564.0
9QxQg7i3Gd,1604.0
gK1sCMD1Pd,1610.0
ESC1OXJ7iy,1601.0
Q5zOQr0t2Q,1606.0
DlnXr1F6Qd,1617.0
7UdTluNalO,1592.0
UFc0aRCEJz,1126.0
b58AwF9IeU,1141.0
f1ZbTjh3eZ,1127.0
1FlQpY4anc,1127.0
e3r2Vg6uvx,1128.0
qpUD2hzySP,1531.0
2DmJAz63lA,1508.0
mZMI2z0hfb,1129.0
oJ9RHswuB9,1131.0
CPOeqq7dqt,1115.0
opAaTDby2P,1535.0
QWtvxI6bP0,1055.0
zuQiboXMcd,1569.0
VAP6zkNDYo,1564.0
whyTLR1z36,1618.0
PJ6OamwVz5,1615.0
Jass3lUgcI,1856.0
LuHtKv8T4L,1852.0
5eyq9ysv1T,1850.0
QcKtddmN9r,1830.0
j20t9Ca6tk,1842.0
oqVag7PtdZ,1836.0
DHAAVTlpgR,1846.0
KegMvrtftl,1826.0
mwRiAOv8Ch,1864.0
rwhQfZCuSc,1835.0
gW9CTvRT1s,1820.0
4kxl4d2o04,1824.0
RpA6WYXAH4,1825.0
hUqOAqvWW3,1832.0
M6mq8ziRFv,1800.0
EqQCHJwWbe,1814.0
1pFBGsGwXa,1822.0
EpiwnVDxGs,1815.0
oj9SwemD5Z,1814.0
usGukuIDup,1822.0
jPQKAXUqG0,1829.0
Y01Bo0TBuE,1827.0
X9nkiy3SV6,1826.0
6GoqgvcBW5,1833.0
swISIa4LQf,1830.0
gXHnaZIsPt,1826.0
ZuWjmbTXEB,1840.0
AZ3z8J0cNJ,1819.0
Z3trQkaJxx,1827.0
XBRn5DVWQm,1830.0
KELxHHrf6M,1827.0
hgwZkhLEsv,1828.0
57Z5mh28aK,1805.0
Q5XfhFBiSI,1804.0
Ke7epDQsBr,1795.0
ycxjpt6oTL,1844.0
9LALGrK335,1845.0
E0B0l77Jnf,1847.0
tgsl4N2ZIv,1850.0
PxBk0XXJrD,1855.0
19SanthN3L,1856.0
geGSJTvJ8F,1857.0
PynYU9u5ai,1861.0
nQ9QRzB4Hi,1867.0
yGahushZQ8,1865.0
2InODNcqZ9,1850.0
VqTaAXCaut,1847.0
u3qFUtizYg,1858.0
OSXsBYhxwv,1859.0
SAKxEoePYM,1856.0
AdeQGSxh7A,1855.0
j2YLMu8lQE,1858.0
COmGYEN6KT,1861.0
hPwaohQq26,1873.0
rRMCczMHf8,1848.0
cEjCJRAMch,1869.0
zB8QtrFFRk,1862.0
E6z9OevOgn,1870.0
ibmuosznuZ,1825.0
FvifMzOw60,1828.0
ywPdnYh5ZU,1841.0
uDF7xV1LNy,1844.0
nmP3ZjXg3L,1839.0
dRg4xB7bve,1814.0
cSdNVPzy1l,1817.0
kcQQ2G9Gj1,1817.0
Z6eLXmX8rc,1828.0
MjVF4mlPTF,1831.0
nT9DN49PdT,1832.0
yuglSuTJnS,1113.0
FWDa3qXW0Z,1029.0
QZrH7KUwDd,1053.0
FdKFHnOWRc,1057.0
obVaozUGUs,1035.0
aqNSOYG7ou,1052.0
alJf9xtGPW,1049.0
ArrZpgfmaw,1049.0
PaFxWitU07,1056.0
7jxBiZ23tV,1048.0
7K0rsaeFDd,1041.0
4i4bxTtYgz,1049.0
O60ADM1HX6,1062.0
FDc3vgfXfZ,1083.0
m4CrEaAG9s,1105.0
4HojA6Xj4C,1038.0
reRU7T49Mz,1036.0
opk6J8DkZl,1641.0
PFTkB6v21C,1584.0
QuOJvTurH7,1557.0
4q3dPmRIqw,1567.0
G28Ksdo9Dt,1584.0
faUAENW9Y1,1589.0
pDOkCdmd6Z,1570.0
aGTradAMsV,1418.0
nl2QIl0XLS,1406.0
hjBVymwDz7,1415.0
n1WpLiTPJd,1466.0
7fRW0emZHd,1442.0
joxCCrsJ5T,1350.0
BgIFvQRPAf,1342.0
tsySuQFL0P,1348.0
vSROAo5TAW,1274.0
vYlFglRMn0,1439.0
XKuOhymlhq,1436.0
R5wrMWt7Ig,1432.0
x8bWoqjnLF,1410.0
kXbHm9SvoG,1407.0
A39c5Nj2aJ,1429.0
MXydUcttNP,1429.0
FRfJMQ74S4,1378.0
BpTCUAzqCd,1421.0
yNfCkLCVWX,1423.0
A8IXPeOIHA,1448.0
L97N8GCFxy,1445.0
mZhTOXB9Oj,1441.0
mqp8bvxLQJ,1454.0
uCa9tvZIGE,1046.0
wucsbP3Htg,1085.0
B4XUwVclCh,1085.0
a8syvjocyl,1104.0
bgMA16LDVb,1075.0
EI1VWiXfld,1078.0
9IiRGsrHcT,1053.0
D8JwvFR9j8,1073.0
vJ6La5waXf,1065.0
aLlCgfOW6h,1420.0
RFuAA3jRNq,1421.0
IZ2hPscwGZ,962.0
YKrjJ9Of7h,1646.0
mmtNchaWtu,1457.0
1nNB5ls63E,1463.0
bzELfb1plf,1460.0
fer1WDWxgq,1467.0
uLzjlIguuW,1463.0
KghM1gRSMU,1044.0
MhljBtkRti,1071.0
Qi4v9zRr36,1077.0
RZfYYkDvbR,1072.0
GoZAAFUCtz,1057.0
fkzSeEyhOW,1049.0
seRy5U8sOo,1029.0
NdykdPmaCW,1037.0
22Egm0njR7,1044.0
McqjydYis8,1043.0
1P19c4FQEw,1033.0
9g6MYF4usR,1046.0
MrIPrCpgeh,1047.0
DNSgoNiapX,1014.0
fKSzlMCen0,990.0
Ut4MDwuU3C,1345.0
GmP0BrxEzI,1303.0
qK8PdehKCc,1264.0
LkOIyfdPxd,1306.0
HhZh8B6HA4,1269.0
5A4WIZpKJh,1335.0
piyJ6APKfv,1322.0
0ogP15zbWL,1055.0
LjJOjWwuSJ,1113.0
6mzZDBcjpF,1439.0
IAXQeEG8Mc,1442.0
5Pz5MQe48o,1480.0
X2NRBEnzMh,1489.0
R2aZE1Czo0,1498.0
CI18Fu4Ivl,1498.0
9kUO8RfAkl,1524.0
hgTlGHPCPZ,1500.0
e8t7q73zkG,1486.0
eYwAh6uAV9,1492.0
3gvZ2CoSOb,1480.0
ZbVH0QCxOq,1410.0
kZm5zvGDqK,1415.0
rh7D9rep7o,1442.0
BiBMKnFJc2,1441.0
ukeqIY556N,1078.0
pzfBPVWCpL,1067.0
GcLON9VEbv,1072.0
wD1crbqj0W,1431.0
De17S2zCWe,1496.0
Xs0yOuyhgP,1495.0
1kayI9lLIr,1487.0
m46GTgSgAH,1482.0
ge13Dyv7qC,1485.0
NDagR5NlBE,1487.0
2GitZOeW5Z,1473.0
FHKsGteJaY,1484.0
7eFTTDM6lu,1489.0
s6X7xysOHK,1489.0
Zqc1eApIQk,1497.0
Ji5Vni9O5y,1470.0
Fxx9TtWC8l,1477.0
AjGLT14LSK,1482.0
776QcGCecR,1486.0
BqQdKySXpc,1483.0
CoeZEULyTA,1485.0
WZTZkbpPyy,1462.0
anyHLNBFBv,1491.0
GiWWm7g5rL,1488.0
o2mvjmpPOO,1477.0
5I5RW3irf8,1481.0
xZVnqH1qlI,1482.0
my0dyhQv4G,1515.0
LGrVt4xH4e,1502.0
TijBzjvjpo,1497.0
LxEQ1PTxgV,1565.0
TexaSRgEWW,1581.0
NV0u9XCf5q,1565.0
72JEaOSI6D,1033.0
YyQJmIYt7d,945.0
sch9fLxv40,935.0
MvWxc9Dbwo,977.0
Hv8vRYFaRa,1007.0
TyPGBnOLzT,1485.0
ssfqufc4Q1,1470.0
HXbrxyucwK,1504.0
ExwqEf3rz9,1327.0
Wsx3RhFcr8,1307.0
OGv1JmT4ne,1301.0
3sD8N0P8Am,1325.0
AjohOsQ0Gb,1467.0
Xo3H7Mj0Td,1494.0
VvMAVFZYBr,1501.0
hFlq8T6QeN,1477.0
kcSpHuVeCJ,1474.0
UDXiN01kut,1447.0
rtF8sQKadB,1464.0
1QGz1XxW6R,1242.0
8LREDaRlXL,1224.0
cWpLceZwYn,1221.0
7pFbkroe4l,1487.0
pG6EdRsVtK,1450.0
8Zwg91L40y,1461.0
aKv2Nf2PVd,1563.0
X8fjsqCV8L,1570.0
yLp67JoXXq,1586.0
SI5PyK9Z4n,1581.0
Gd5wEj7spV,1579.0
6PR1IfWjrV,1056.0
CZinCL2GqU,1062.0
RgNCIu5HcH,1083.0
3JYrGC8VEZ,1007.0
ulec16zG9O,1009.0
eTDTK2AD0m,1015.0
3XkjN0OOPS,999.0
E2QI1BJdOR,998.0
BMGqE5hjPv,996.0
4MwitG8ei0,1002.0
KJ4ay5Y2kR,995.0
ThWSBtURR4,987.0
4uBqlOlSrR,988.0
ECxcnhrKBw,990.0
MZ1FEIqCsM,989.0
enArPvCnCA,992.0
jnqFVMq17V,997.0
hcaXGkWTOY,1003.0
GfW9toHXEO,1033.0
lXFE3BPdAl,1030.0
7usyhI1GRz,1027.0
IfBn2gDGHF,1026.0
KDfsmyOWpx,1026.0
Yik8BoDgi9,1025.0
ZebdLNbCBg,1025.0
a6uFKsrO8f,1027.0
cPF8ivZR7F,1027.0
Ou80LBbYwh,1079.0
KddiEJyLmk,1542.0
1L1cXqKmyX,1577.0
IH5X9lKkru,1579.0
ftAVVXHqnL,1598.0
HiGiEOCXC9,1607.0
YTs7tMFyh6,1003.0
Rx6ac5Kyi7,1017.0
yIO0DPpYqt,1095.0
t3gIXDMXqN,1588.0
NGgsWRR7LS,1575.0
UHdNydgjse,1574.0
QpeSVAIKj9,1583.0
hODNuAsUe4,1092.0
iXscUbSqYu,1059.0
DE8sE7Wln9,1051.0
1IronXMV9z,1023.0
3Ai5YEWwx2,1031.0
ZeMrSp5rVC,1058.0
f28NdEhHfa,1036.0
LPKpkpx4MC,1599.0
6OvfnBw6Ki,1498.0
SH5GIDRJ1l,1497.0
Bv0zSMPM7V,1497.0
nYB8VDXvIL,1499.0
0Fj3OKa4uF,1488.0
foz3Hyd40t,1068.0
DYaVueuZW7,1580.0
7UQmrDucYu,1566.0
PooYkUODSd,1565.0
RhdD5dalWU,1574.0
PFrLrg2GMF,1571.0
zbsfMrGZMw,1575.0
FczJrMfOOc,1089.0
qYg51CkyNu,1091.0
bAIcKDaqhA,1400.0
IJIFuBm6Ip,1565.0
rJzNnmnFna,1584.0
E1NuJgBalh,1597.0
4s16ZDw6IF,1595.0
KOGWIwWxfr,1596.0
FAN8EcrNjt,1571.0
TfWj8Qg5T7,1555.0
F4N8jvHEJd,1567.0
lPzLb80oiG,1580.0
KWt1Sp12Fu,1582.0
u0aNIUv8o6,1584.0
Y4QGpqn0Xk,1581.0
eFOju60BAj,1558.0
fm1qo1bsyJ,1425.0
LWEoF5hmwa,1425.0
Qy3ROOY7VW,1396.0
03UWvODuOV,1563.0
FeqUwfVVJx,1561.0
NMzwHRtRYA,1091.0
VZX1MpXfyJ,1088.0
UcBA9P6oim,1086.0
kItv0sHuRl,1446.0
R2Q8HtoIlX,1445.0
fCFX1JOQfd,1438.0
XGcYmsPpRa,1563.0
r8PBLRcgxZ,1379.0
3rAAfoscs2,1086.0
nlRGDoPKbm,1102.0
J7YyDmyEDR,972.0
5gT5ZFLgl1,848.0
tqgC7ppXfm,1081.0
YTlTbfuy4Q,1051.0
URJnfQLlwr,1084.0
LBkVbvxo73,1028.0
KjEqHTxZpM,1006.0
bm4Q0DXkOz,1109.0
g9D8YBAxXU,1105.0
zJz9AGr0Tg,1065.0
hfcRNIJUDk,973.0
5d3FY7LC5T,930.0
zOy68YqJXS,970.0
3swUIKesxF,935.0
gYzKrC6wTY,934.0
penPWcFsG0,927.0
IyRqxL3zej,936.0
VwRjhdINtj,1051.0
8fhIK1N6cj,1664.0
YpkMJhf6hJ,1664.0
uwnncDrcPO,1662.0
4WMcO8vhJ4,1733.0
aBbspTmFC1,1574.0
DrwEfTuSzt,1590.0
SBYiWz8Vg9,2032.0
vVq8Xit9nD,2031.0
Q4h0hcN02f,1913.0
AQsSxHR23F,2032.0
2lpbdXPHTf,2032.0
9PfhtXDQ9H,1943.0
FFgjNJPbqP,1926.0
uPEzqGX8Xm,2033.0
S5UKYpY5Ba,2060.0
ZuMPXuIxAN,2027.0
1adSOa50Gj,1796.0
yjQR5rIeUw,1861.0
DICKxaJpiQ,1621.0
l4GDOLh9B9,1728.0
fEzkAIXSnj,1711.0
rP8HhOGxt1,1582.0
oArr3DekjJ,1422.0
uribIY0Nt0,1414.0
6D5dpmzvgX,1462.0
D8SFZ8w94I,1464.0
lDxztbmMXg,1577.0
gDOFTTfVfv,1575.0
ZMeMWUeDSm,1373.0
8KXVa0BW6J,1626.0
AsMUieYNPv,1961.0
Afx88nxczZ,1949.0
kFqyo3LVPE,751.0
WHusAbrOMj,751.0
4qDDYWIH4q,761.0
rHf9ZoSck5,754.0
BoiHRtaXGN,762.0
xsBkFVr7UG,759.0
IuYrTb4Qx3,757.0
8zfTqCUBVU,769.0
LTjOryzUlQ,768.0
vCfTTCPq5x,772.0
MZ4w4SnPRY,767.0
2kwgFRj0ke,767.0
JCw6SgctTk,759.0
roER94w89y,770.0
hfcSRPH6dt,764.0
wZuTAKVHwA,765.0
gkuqUMRlbJ,766.0
mCXyqPVctt,745.0
WrGAPVcOVh,748.0
pov2Ifoe9X,766.0
TwCiviRdG9,748.0
lGn1S4YkPJ,747.0
x1hrTtogQm,743.0
H1eG4mO4yu,750.0
1WzvZNJa1E,739.0
8sMBFQIevg,739.0
sHI4TPgsqz,736.0
ASuzYCMWUz,734.0
sGSqjtoIfu,735.0
RDfrf4lyj3,734.0
3IV1bw1Eut,736.0
CBXe1oVj3f,730.0
gRM0Ud9zMe,730.0
nVGtbueq2I,731.0
ZyBQhpWG4j,731.0
sotd1FaPMo,725.0
OxlcRS3eQV,728.0
dXzQxKaeUq,725.0
X5bybAByB0,726.0
iERQsE1yz2,725.0
g4dXwbd3ft,985.0
rgz1tOuRxm,987.0
RwuKgeW6BY,969.0
bVINLOtLpx,933.0
KIpJZYaPUE,975.0
rYYR8Vmm8a,928.0
xrB7au1KBZ,930.0
u0vBhXOKM1,930.0
TuLga41duG,925.0
iiiox81nGX,924.0
XCfnsIMf8h,920.0
RHcZjbJges,977.0
d73nVIFu2x,979.0
2PGvErQxl0,930.0
gWgqNG3Rwv,977.0
JYrwTsHhJN,975.0
ehMOaa7FI5,1027.0
YeXujsvgKY,1028.0
Y2Uvaoyi94,998.0
wSkayvYY98,957.0
fIe58LoT0g,958.0
Zvxs2JlPr6,958.0
8cxMv9Nfha,957.0
Pm8LaQLBBW,957.0
nPRcUumGiv,1064.0
qL6dHC2Ho2,1061.0
zBikdoevtD,1059.0
BDgH6KQtad,1063.0
pP3F1i6ZI3,1063.0
BLzZfHVxG8,1058.0
E9HlbSZxZO,1064.0
oMIb72bYgy,987.0
JruD2Zg0cm,987.0
JOlLKDElZm,986.0
ROk6qvD2Ne,987.0
LMuUdwMFz6,990.0
9xv4voCCQZ,988.0
MqyZgzAn9F,988.0
t48U7VZlTg,987.0
jtc2DQN5X8,988.0
ZqFlE3kto4,942.0
342orZgCTc,987.0
bWJTPDYUTH,987.0
iCjjgNfUiZ,926.0
YtUlhnJDKt,955.0
YWcDoVh40i,957.0
ZmGteHuNp2,946.0
9u7SGz7CYG,966.0
8Mfu2j4fH4,964.0
ttwON61fnP,998.0
TJIeBQZ4P5,945.0
B4mwMtth6N,1017.0
qHhBYamMJt,1021.0
6uOTUG4idI,1011.0
RacEWplajm,1017.0
7lOKnKMDLf,1017.0
5UfoRCBmc0,1017.0
DmZyG6ozZE,1015.0
y2lEsRGgyn,1024.0
nlagixwsgu,1023.0
1FbmiciR2Q,1024.0
cLG2qsfPul,1021.0
MyYUep5y4f,1018.0
gfgTXMTYXx,1019.0
p2douS1UQX,1022.0
rcTX3qRGIa,1018.0
hNll0caZ7K,1017.0
BG0ToTuuSh,1014.0
CylqVUh0ux,1019.0
c1iGSWGi9c,1018.0
Px3ddtyC80,1021.0
FedsFYdDCm,988.0
m3AShPDo54,986.0
ylu6zm0Dqe,987.0
wgAoIaw0rC,976.0
B9n076VaMM,980.0
8qIgxqJSYh,977.0
z5FkoZpuIE,977.0
uV5MUbBBGl,974.0
BcQxm10Ci4,973.0
86pdsloreI,973.0
eAtADd4TMp,976.0
eLA9KSBMPI,976.0
eUpPIEq5or,980.0
0QM9xAPPVM,1020.0
RA5vFDj1gP,1021.0
s5tKJOzcfj,1023.0
aroyThao3h,1025.0
KuJcj5T4qE,793.0
48R2juhBfC,758.0
G4yb7MdNZJ,748.0
IeCG9wKwt7,758.0
Hr0h5E5Jcd,811.0
2gft7kC9aU,782.0
zGjqkJVWEv,776.0
WB7DNbuyxD,800.0
fC4qo8uqRk,811.0
UtQSFHXxUg,783.0
9GdVejxGa2,805.0
wOjgvlrwHW,776.0
eRWlN4ybcH,779.0
2bqVtgMSAw,807.0
Ad1c2wz5Jm,786.0
yndTNoWa8v,773.0
eTSaQ00CPK,843.0
Z3cQBuKBUv,1031.0
12sMKYKWQl,924.0
FerMKKQ4kL,922.0
ZRcN88Umdc,924.0
1zDCKvs2xB,928.0
GuH3Q5Yuyl,924.0
UINxjBwAI1,928.0
w9KddGiKOq,917.0
mYOvmRE8wc,923.0
6RfLaRCG4f,911.0
y4NYil34Uw,910.0
pybcaXHMYd,910.0
7e4v1OQnMB,909.0
cfgYA3tHwt,911.0
2J1ngsUN8V,911.0
hYgJPVm7Ys,908.0
u8FDqKViDB,908.0
acJ6C6U5Wp,909.0
8XBWXXEf6o,911.0
ct4fHmd7Hg,910.0
3Bl1X5vgGT,909.0
2lZQAPtpxu,911.0
iBOXndYvwc,914.0
iHiuEXt8OH,916.0
R5CGodFhaU,910.0
3yNlbqFDEw,945.0
05DFIY9KHd,1137.0
rTzkMwqJuj,1098.0
GV9Zb6fk4o,1103.0
vUAwjkTD5K,1104.0
JkQc4H8jUR,1085.0
2O6zv7Li1j,1085.0
3VbJWfMuCB,1075.0
rqRag81GXt,1107.0
vQg60i8iX5,1088.0
PwdW2bQWYV,1092.0
ELDckXxQwu,1091.0
f6wD0mI0EM,1086.0
iGpV6iyvGB,1086.0
d92hydV42N,1062.0
LhFvJEf7ZS,1063.0
QNfcOmROhp,1073.0
7GOo8iIPKA,1080.0
liokXV3sED,1061.0
eeoFF1zxin,1063.0
NRzpXJgSrS,1047.0
XcNStGIXt4,1059.0
9u9X3iMSeD,1061.0
c4RNFozFOf,1059.0
yjAw41w26i,1055.0
dcH8eQ51sW,1057.0
Hb9VVTaERV,1052.0
m92aSzpWG3,1056.0
DsuncHvazj,1062.0
4Q45hK2uSg,1060.0
miGg2WgAZo,1059.0
id6UDDsCvQ,1064.0
FT6Y6Cr3wK,1052.0
SCxpwdBsuU,1055.0
5rNAPVJ15X,1060.0
8VmuPBDQPM,1056.0
Y3jaCQ3Nms,1084.0
6ODpL8zNcv,1078.0
UvPM969HCL,1090.0
Z26xOrIoPi,1052.0
bx1V5uvKOl,1050.0
tj1zfkADYL,1074.0
LeyogBZggf,1073.0
26smx6Qczh,1093.0
n3ModO4ObC,1090.0
re9KMcuLt8,1082.0
k04BE0NqTq,1091.0
WxRBLroVer,1097.0
RskvNKH8kP,1078.0
xKBUZ1RGVN,1099.0
VEJcIRJGQg,1579.0
YClg6ipf1z,1586.0
vnloDHGays,1587.0
MuZ62ybOE5,1582.0
e7rQCkGIgm,1581.0
G9Iv6IasbQ,1572.0
GP1fMqQffy,1605.0
I3J20lEkQP,1593.0
wFzW7h2oIP,1122.0
PWRS0ZPMad,1116.0
tPikt9Xhnh,1203.0
h8k5p6MfLB,1259.0
Bj0dKEXmT8,1266.0
sF7K9Too57,1247.0
GPKHeBPrH9,1290.0
1HOKb98qL9,1414.0
J1ElflnGkL,1384.0
wnxHPtcz6y,1482.0
IiH0AGvDhi,1137.0
CAbj2pgJ7E,1139.0
2zYJX2qoWf,1019.0
9jcBI03Jmw,1530.0
4i5oJJrFLW,1050.0
wPAoXQeYzq,1041.0
Pce0B0Tzmb,1028.0
tuWPoZvw5F,1005.0
aDeLwMgfDb,1552.0
tBkUIoR9Qz,1574.0
EXCMhE399Y,1485.0
ZGMHCYdIso,1481.0
HI5JRt4k1f,1064.0
6moQkbMmjn,1568.0
K5CRfdiKyK,1010.0
Z2XOT9GEjr,1010.0
uq9NN4YRTY,1015.0
x8j2H9EkZn,1019.0
WRfodeosYT,1026.0
8HBuk2js52,1024.0
6qq6bmdqQ5,1026.0
g44Ef4DPl4,1029.0
qfm8BPnDYr,1651.0
eukUvgNVzC,1557.0
4hYdawRzGO,1394.0
GqQiWbzxCT,1398.0
n2lQyqMBfQ,1395.0
RSvtt3brk2,1397.0
WPMKrA7Wuy,1391.0
W3YDirVa1t,1400.0
SfDQ81ugNK,1403.0
EU8ADZ8YZq,1394.0
u5QWMU6qA3,1398.0
DUENwce8pq,1383.0
wzmLzPytT4,1386.0
9eXR26rCOm,1381.0
KVS0gVVPkd,1386.0
vUMsqw0GWz,1378.0
BNtcoeoLN2,1376.0
4gbW5sc7Tz,1372.0
ZC8d0SCCgS,1370.0
MTcR8Alp5V,1375.0
Bn9B2kWhYF,1380.0
RFmEFfFnuj,1377.0
KsGQ6uBSLm,1368.0
nVI4Q5E2FS,1363.0
D02LFRKvTo,1362.0
45rK5WKx8Q,1368.0
OOjw9Gy3c3,1369.0
yjmnNIMRqy,1373.0
TVQDLj9Qky,1375.0
pWyfjsjh3Z,1372.0
mObr4afKRa,1375.0
Rld4LYEBkz,1433.0
HSASufV7hR,1446.0
0pevtsmTuN,1451.0
khMgFgRbiu,1445.0
GgFeH2gvMz,1443.0
sw8YFI42KC,1451.0
OfgMJmOVUA,1481.0
Rzy3u7DoEv,946.0
eUE83c2Xcg,973.0
S9NgwwnPuL,945.0
6HKhK5R9Kf,947.0
u1GoOjFe7s,945.0
hacO52ZX2F,946.0
X8WHTcybww,946.0
rAzVMmw0ZR,945.0
mT3BXtrpKY,1080.0
PO1iPJsTzP,1027.0
EnwIMfZdq0,1025.0
CG25EUO2y0,1024.0
gDQdcyl27R,1024.0
Ymy70b0TxY,1029.0
fNIyal2v87,1027.0
Wh3nJ7lcab,1026.0
Vjx7uWwn4G,1293.0
fJqEn6hZAX,1353.0
4cqN0iNac8,1021.0
ZhjWVrfwha,1012.0
cqh1iMsnlA,1007.0
KCXEfDY7g6,1006.0
cFDCdRjc5A,947.0
g4PNkxaWrm,1422.0
mSDzh68gt9,1341.0
bMl2aCdPId,1354.0
B45CAHsPyl,1303.0
dgTQ0K9nZU,913.0
E98P3q6KLf,1584.0
AUkwb5FiId,944.0
XE56jk6F9f,946.0
LWiLDCuwgn,926.0
G4y28JOOx1,931.0
P7Wr7ms0zw,928.0
oyqUQh1cL2,930.0
kCbCl8VVUy,933.0
3mxP3buMUf,902.0
80jdFy3jj4,904.0
g0E1P4gVJh,909.0
3Dg63cW1Ds,904.0
n9LU9kcpgm,901.0
Zl9WSO8r1v,900.0
yoyqBrPU0d,906.0
K40tVzIBet,911.0
1OhS5iE1K2,909.0
AeVMWCS47T,984.0
HVY7Cb4CVJ,993.0
1X1PeI0Rr5,995.0
1Z2oMOUkw1,1001.0
4E7EGBoFzG,1003.0
Sri23Yzqi9,999.0
bzOVBtY3KI,997.0
U2nJmGHjFk,999.0
Pj0uRdeqcd,1015.0
e2VtMwy24n,987.0
hnJzAxB8Rk,1010.0
1X61dNnDRX,1006.0
PEeXmqXeru,1021.0
iTxdjHHofb,1013.0
FBQQQd2yNw,928.0
5wOnkcwSht,926.0
Mj4cOhub0n,916.0
bqRnY3zeOW,924.0
y9GnB7Vwt8,920.0
TE5XmPTJvU,913.0
rurBo8ruuQ,930.0
z9xc7L0jcG,928.0
4tjbAKX9O8,930.0
Pqe1oPLDB9,928.0
xcx6eLaPsZ,924.0
S2uJH7KlYr,1053.0
73dLDUpKlO,1061.0
f3KSBxt7Pu,932.0
AqHWwOrVfn,926.0
wSBkFZvO7U,923.0
K6zg6hep2A,922.0
pDhQa49gUH,918.0
ceygKyrUvk,917.0
EA8Cea5KfN,918.0
YrrzuIouQ3,921.0
s6IRMjSUNK,921.0
9aaLRoeqtA,922.0
8BO2E8cArO,926.0
tbuUBS3oxF,926.0
FKqIn3OGEw,919.0
azdPBFdod8,933.0
0jmYo1ToZ8,930.0
19f3XaxiID,931.0
7EnsVXdN3y,931.0
YbyfzTNnlM,930.0
rsnL5DweMW,934.0
kmB66vsmrw,932.0
fcVBWRPgOY,932.0
3cQGSikmnW,931.0
ioCuJUafAV,931.0
3uwZpZwlro,912.0
XRYJX0i8LZ,913.0
euSHlf6Yxa,921.0
Y4UYx5XxTT,921.0
0ffLrgdYH6,922.0
7hr8UrvTTa,922.0
E9QIsHBABN,925.0
ii5F3AXThP,925.0
gghIwxZOjD,922.0
RqlslWuyqI,920.0
yVezWhwI4D,923.0
Fgu5zE4WGT,924.0
wPrlPx3TzX,925.0
WLIgmxG1Os,928.0
fXeNkvrKJK,933.0
tUXXMNzoYd,938.0
A1R3UQgITW,937.0
X6rg0wGC9f,934.0
wTjX1aAqaW,934.0
E34pKtuvSd,1451.0
8xkWFIsFLe,1463.0
HrakfMxtw1,936.0
CxODQYW2lu,937.0
J4jSg5fWi2,936.0
SKKbBsHyWx,910.0
nRMxw5a8lw,937.0
FK31KXFscl,938.0
tgHhvEm0SU,906.0
yVg0zHbx8R,941.0
9iS2rIdh4C,940.0
qaSZjyDmBq,927.0
ZXrCwfQsZc,939.0
Ve5gUGwSAr,943.0
X9qlj3cOzs,942.0
1VUKmdqwWq,1000.0
gq8tSOppgr,1595.0
JKrzVZAYwV,1597.0
I33noyNejW,923.0
rx5q0WzsAC,939.0
edRPzKtyfR,942.0
bzLuyMMH8F,942.0
Amf0ULvLN5,944.0
ZZeY8PG6ue,938.0
Db0kCG7czW,936.0
VnFBXvlKEk,941.0
h0H8azn0pU,941.0
VDZNWqafAf,918.0
qhTyN0Qt4j,941.0
5Uq6dc5eKG,937.0
d9uf9BS2Bu,944.0
U7QS5E9aga,944.0
fwPvBDLokR,945.0
qYIptIrNRF,945.0
749h7oy9Pf,946.0
KVuUcWfkR4,947.0
RNCbOUaCkE,926.0
PxSXlIihKu,915.0
vXJFIBH1JG,908.0
xFRcTaKmVq,923.0
dL7OJH0EWS,938.0
MwTPV2owyo,935.0
fX10TVyZ4U,935.0
E9OfT1sUMh,934.0
KVVDxzdFCE,936.0
oGWuuqY27t,915.0
qFB5OYZyAO,923.0
yrnjmc6s5t,924.0
pIKqY62HIP,919.0
ZlN3ustVaJ,905.0
ZJ7ruK25LK,907.0
MtS6LeD7xy,911.0
ATNoiOY6TY,908.0
pgAbX3jNDk,911.0
wNGfKsTysJ,953.0
2F7l7cEMot,918.0
g9iGok5G8N,923.0
oEIjIfG60h,931.0
oYjz1prMUU,917.0
kWq5bNOtbB,921.0
LrgTBduiHc,1393.0
IphQ1SFIGQ,1417.0
bgOpaU0zzC,1387.0
96J0v2uC87,1406.0
MAdL87UCvD,1096.0
T6SA0kgwGt,1494.0
0C9eeCdexZ,1463.0
fBRQADErrR,997.0
AAC5T5yoSb,947.0
XUiKi3KOTP,1102.0
EmabZwFFL2,1010.0
OhOBgns2uH,998.0
qsNt4JHRDZ,1008.0
kDfcXSdHmG,1004.0
QVNR2IIU8u,1002.0
RisGmSytYS,761.0
83lLiJCJhx,761.0
bfQF2lrKkM,752.0
1mKXmwCZ0E,753.0
uJwPmJywjo,752.0
O9GJN84eY2,733.0
Sh6szihcKM,734.0
jCwuyULejR,762.0
FIuiapWdlc,755.0
qZ6g07ODTA,728.0
LoqXSONz2P,756.0
83rQSg62lZ,760.0
EqFHvuPvfm,754.0
WU8d8SB3lh,720.0
zU2vycoeYe,763.0
f8ypIFugnl,761.0
hmDxUaOQ4d,761.0
LoZjoExBG8,752.0
6Y25pLka83,749.0
tdfQtLHkaq,745.0
dvm4nheWVT,757.0
9Ti1y7HdyQ,754.0
0I9z4gDOZs,754.0
lAuiquNWNI,738.0
bobd77Cr9a,753.0
tofvkreAZf,750.0
AQm5avUHA9,757.0
ENfHxvrwAx,756.0
08QEf1lHj9,768.0
ftorMLRP7G,755.0
zpNUlGN7Nj,766.0
yyGztYEXo3,771.0
5ylNXUBMms,771.0
eot3ii2kHw,777.0
cKe3MdgyNL,986.0
pL2tvvxkc0,993.0
b9voR2CVYK,765.0
6qFglt55kl,761.0
fFLWq3ZzIe,759.0
K9ls6OYzT7,766.0
mlhUrf9mco,774.0
X9Ad15Wt4o,786.0
gkjXLB9xKX,795.0
iTicCVvypv,816.0
lNmFqaRjJP,854.0
lWuZWVZrlN,885.0
oF21aMirBT,873.0
o7aMbzZPvZ,885.0
zr88SiMOMh,816.0
mtYomAOIpg,808.0
UYEzjDukGe,766.0
wwrUsYFLnn,780.0
XAxLG5gCwV,734.0
rDEbN9g62k,707.0
KgW2wlR1zG,722.0
40meStOBJL,699.0
pLaHwpshTS,719.0
JvhsYdhoSz,719.0
7SWrIgkhja,712.0
I41QixOQtF,712.0
4ZrJshv609,776.0
KW6r8y8IhG,745.0
anqgfwQBZ3,737.0
1WLjVcX8FV,727.0
50AT0FvMmI,739.0
ijvSGlJslT,737.0
IyaHqgoflz,734.0
38BJVpHLZA,755.0
Xl5e1hB1ho,759.0
OTCvazrvsq,773.0
8qH9M8R0OX,756.0
648MhXSL2H,764.0
WsjX6FmFxw,726.0
vVatImiUO0,772.0
01NP3CSkxh,747.0
3Y0vrkEVnw,741.0
C7kz5v2XoC,735.0
Pz36oVOsxm,762.0
WcQCIrwCdF,776.0
M5lML6n6Pj,733.0
vfmW4FHBGS,750.0
xGyxLxjgDu,729.0
FW3rvhxWfi,730.0
8ZS8FIhtHy,768.0
phT81dJai3,762.0
yJRITiB1pW,1075.0
AYv0xNrRtn,942.0
rbseTZd2cy,936.0
zTt1GYpGkD,930.0
VeQwXHN6iq,939.0
HlntddQ9Wv,937.0
bhrg4ei0mp,934.0
nDf84alZtx,936.0
JKnxFJh5s2,942.0
TZl0VhDQdy,929.0
6ywOOqGKTZ,932.0
vmAn1hOYt6,942.0
ihll8m4Y9a,908.0
ePxVC9qbSE,931.0
NJTzh3GUeu,928.0
jsS66zRIGy,920.0
7wil6QBZlq,916.0
EMBEQhnjUk,937.0
mqPF1Dks5C,930.0
plnNb6KEki,910.0
BV9S5LTKur,936.0
cEhHKC6cwS,924.0
c6xc2MNjTV,932.0
oR9S2uDLBM,928.0
6oMek01c3N,935.0
apBSiAecoI,932.0
0QUsqTLb3V,941.0
wmZBjTaFD5,935.0
VLY43vv4aD,1610.0
Hk0fCRbSad,1102.0
UAJN5ksnXB,1005.0
TT6RQgL4K8,1007.0
6lHKLj9pVA,1026.0
TMgyij899R,1037.0
a8hUPGo5e3,1007.0
C9a71BQKp4,1027.0
QN1GZb4gLt,1032.0
WPEXowQZt5,1033.0
F8ilS7w9HP,1061.0
yrNDSwbP8h,1056.0
5DlAFVVr2y,1019.0
Ml9DprG0we,1084.0
8JUC9qmbt7,1026.0
Q252uuIEsK,1088.0
NJg1tDf8ho,1072.0
oSzfGK91mK,1406.0
HlHoua4BTT,1404.0
151amyees5,1085.0
0v4c2s7tjD,1120.0
dcTE1bCekx,1080.0
z0fy3iucjz,747.0
XO0vwmRuVC,791.0
ulZsMEHlDN,920.0
XROQqXU01k,1087.0
BVeK5wltrF,933.0
h4UdFVXtdQ,985.0
0tqwP7wKeq,992.0
5VOINpl16a,957.0
OcXSLocR4z,958.0
cfztiuo8ot,958.0
UQrdH7wJhT,957.0
fF8WLsZX71,958.0
q3Uftn1YYU,957.0
5EN0jYgNQL,957.0
tWa9kOJtXL,958.0
tcN42TLWG2,957.0
ZSPHR48z87,957.0
7VevYlWTQ8,957.0
oZzVNZ7FXU,958.0
Y6vPxOCfwK,957.0
PIaVAWEfxM,957.0
ndKPKt5rCJ,958.0
dGpwK1oesU,958.0
axy8jJble3,958.0
LEJ8sETkBQ,957.0
M2e8hyBdGV,956.0
zXdMTgsfFN,958.0
jZBCOBuBKO,958.0
RahdaMmXRH,989.0
mHImN4aIgj,989.0
qUZm3K3IL7,988.0
bV5COQHJ7U,989.0
NQjE6oumWq,990.0
5UgEajkrPc,989.0
btAR5vT2iL,988.0
vP53FZzxt0,1005.0
I0yDFtpcej,1047.0
cX3SGk58Km,794.0
NFWmxTt2lL,809.0
66IBYr9LQP,912.0
HzpjqRFQUw,1586.0
Xp6AjG8o1p,1587.0
JVz74pT0rB,1566.0
DPUxQe2IOa,1609.0
RsX6zPuiTe,1011.0
s3SgMb8RFR,1571.0
nwQdsMrFLS,1601.0
FWvRO49Mj1,1558.0
R4PFSA8XBK,1554.0
obEkRjHXAL,995.0
FFNVLlC2PN,1422.0
MHxBsjA66U,1078.0
mCZ43JNl4h,984.0
Cgl4cSgUy9,1027.0
3ZfkPbsau4,1406.0
mBAa6q4xnv,1010.0
znyKsDnbtO,1057.0
bzJ2SFcgAQ,994.0
gPaA0ssXIO,1003.0
oDvfvwkuQq,997.0
xV43aFunCq,1488.0
R8YGPtmvNL,1575.0
3H4cnOZ4JT,999.0
nxqgDSNRdI,1088.0
H1bKT3h3aP,1088.0
oiEnQZ0mhS,1014.0
DVt0O5497e,1064.0
JlGeYK6WLp,1559.0
8wJOuOZp5I,1604.0
aIomyHoYJv,1123.0
L4QDl2Btr8,1552.0
vKPDYj8Vf6,1555.0
m9eYhsFufX,1595.0
J7SNFyRiNJ,1428.0
ucsfCH2D8Q,1433.0
KibjtVCLVK,1486.0
PvQSMOjc9M,1457.0
y7BaDWPh6E,1000.0
Q3kMTyffSb,1415.0
p87OtUOING,1402.0
6dHn1qSdKn,1392.0
eAC3aB7735,1429.0
vvnNUellwe,1557.0
IArJ3CqkdR,1044.0
fEbvJbfFhe,1397.0
oGNstlPPzV,1588.0
21t1tAHyq7,1519.0
FJSXYgfsrn,1514.0
LubUaNwMg1,727.0
eAGwuyFWc5,748.0
i57ER7WRyu,1570.0
eZiYJ1kMiD,1529.0
U1BKQa1cEf,1557.0
RhZu6KxoCn,1610.0
SDG9mCMgeN,1599.0
metP70jU8o,1564.0
olVhbzK4gk,1564.0
KkempcrRvm,1597.0
tgVo2BkZQZ,1578.0
gMzBU3xbyv,1370.0
8eunsAjsTn,1539.0
6vZUUKKelz,1111.0
4NjoA0CPfS,1040.0
yoQxVrEcmJ,1042.0
dr78eumdbp,1055.0
BUsaOvafYS,1040.0
dOgoATAROH,1053.0
WAbeengJof,1062.0
yfTrTkf0NZ,1627.0
oAgKK9AfFY,1630.0
lk05Qz2T0l,1084.0
04H4Rx2CqM,1033.0
fJjd9EkTig,1037.0
wrkf87jPqQ,1042.0
EBHmGlttga,1098.0
uIFkOSgtk0,1090.0
xop3PDYlC9,1422.0
blA7ZBWP01,1420.0
ARBjP0Ytnz,1387.0
GKdsK3jr7e,1389.0
yDT46dx0TC,1406.0
0FESqhLC3g,1409.0
JzRXjt2EQZ,1411.0
JAUwgM5XAj,1454.0
UvKw569xGh,1437.0
1efsoBwzRn,1435.0
pVLxL1nT2T,1435.0
Hz54f6HJHC,1394.0
qCL5d0x2q5,1406.0
bb9XhqdtLk,1395.0
s1eo34sgao,1379.0
mtGa5Q73lL,1408.0
TogQxAfDPX,1078.0
P2WQsZuuzo,1091.0
emB6Cw2zUD,1096.0
CzAyRWhAzA,1087.0
w2joRqmSUm,1081.0
hqDHX9CGeP,986.0
1qAAHT5bFE,989.0
f3RxsKtAq0,987.0
dUKMrJ0mfb,1005.0
DAMZHtuODU,1017.0
verkTG77hs,1007.0
XXyUm9bSKw,1022.0
7WdemOyFMf,1024.0
gV8KkqjHiy,1029.0
RzqJZZkGeF,1024.0
A6oHawsIbG,1087.0
rnC01OfXkH,951.0
SBKmLSbrDs,1049.0
rpTXrI5n2Z,1063.0
qBG0FMGirq,1070.0
bx3rzu0Ffv,1553.0
SAyvcXErd7,1600.0
9dDKlY0tD3,763.0
4rS6Y7nYzi,1091.0
F3Tc7nj91q,1420.0
DTwy13fGrE,1449.0
BCXVe3tzAO,1445.0
HIAzK0JFqz,1339.0
JWsCgqj28o,1298.0
jj11FXTlwO,1649.0
6vzqdGPWMk,2033.0
iTrFWb4s2m,1919.0
1yEKYAubn9,1059.0
garUUQwxOh,999.0
nqTBphK5JI,814.0
V1ZxbNr0SI,1082.0
h62g1LFKyI,1692.0
sC9Mk0JSES,1690.0
otK0DJs7q2,1622.0
gcQJt1xTVP,1619.0
o8dimbnFro,1620.0
wkiIjIf1OH,1620.0
UGydOk9HTz,1626.0
ggMKxR0KKI,1514.0
EDjQ9nlWUO,1020.0
XSPUhtmDhX,1016.0
4axI1xs6bn,1014.0
wcS8GUzahJ,1013.0
dwiPoGctT0,1018.0
tsP8fjGOgx,835.0
6AZC49UopG,805.0
weiYKua8R0,1134.0
NiL3yjxOxx,1078.0
iwKc5L5zQQ,1067.0
cb8kVEsHSf,1082.0
htb5flbnw5,1084.0
v06JkzHKIz,1073.0
q7xi491Prz,1058.0
H9w80Wivkl,1093.0
ESC2XJz5bP,1094.0
IwdHY7GuX5,1086.0
pZa3nXAihJ,1637.0
4CMNNdW1sJ,1593.0
73y4x0c0ES,1570.0
HzOGEFgoqG,1638.0
d0elkDI5x7,1645.0
ELglEp8oSw,1555.0
fRkkRNJQWS,1555.0
mRanlX8Mnc,1554.0
Geb6R46gy1,1554.0
64lWs5uecs,1554.0
EwD0ghVZSK,1549.0
CCrElXVTyJ,1550.0
TtHUXjno8D,1550.0
4WcnfGYAMx,1551.0
CvZ0C5OUXQ,1120.0
Hcpl7Wpngo,1569.0
gVNxejNOPU,1557.0
5rtwmaIx64,1050.0
fiNNnCsGaF,1506.0
kWJjJRuZGS,1599.0
mXZm3y0XU4,1023.0
KV5a3evDXm,1028.0
fwXGmxt90T,1642.0
e91sowdNju,1630.0
UdF3s03GHm,1492.0
hSryThnozs,1494.0
0J2glHcCvK,1592.0
tljj1EkwWs,1579.0
RiOaI0IF7s,1500.0
yEqfHhBkyc,1566.0
86PzYVA8Em,1565.0
8vVVAVzM8i,1437.0
GGAXEF2zP9,1452.0
u5iqVbsD0a,1590.0
xJoFQ3ty2N,1586.0
qs5duxj5zE,1627.0
iP94xvHNw0,1519.0
izwGhNFHov,1584.0
oeKgn6k4qq,1583.0
QHOVbpKjmt,1571.0
5PLk9RNAqX,1515.0
jwJszx4Pxr,1495.0
Um2lphjf6i,1335.0
8Mj39qxdD6,923.0
rcwyvODo2l,916.0
99ZD5UJAaV,917.0
P0zovsXjxD,920.0
Qk2apsnGlz,988.0
E0ha6Pw0xj,1068.0
vO6lGyBZnN,1044.0
PPBcJisR9l,1050.0
auSxJ1jYZm,1049.0
13vwXEPegP,1045.0
TN6PxESbXL,996.0
ef0CrnSy3E,1000.0
8zviNUh2Ft,1000.0
IEixgUEjQZ,930.0
3RBobWeKEN,936.0
qIYUpuhv02,934.0
TLzFnfpJiB,925.0
NRKmTRvGGV,930.0
KVFWIHKVlh,927.0
Txp1RmsQ8J,928.0
7NgGTs5euq,886.0
Kz4FSezWuZ,914.0
Af9zyjPnES,931.0
OnwAcSNVEm,923.0
DBHZs9FcMl,1021.0
AIehVbT0Q1,1026.0
AWaE8jGVN5,987.0
uedUekmNEz,933.0
7Rl4KDFJEo,980.0
CW6Ehx2Hcv,914.0
kTlnHFkLwQ,917.0
x4qM2jZOI9,913.0
bTaFSVNRFg,920.0
foycFKIsuH,943.0
cMyjE1CEUj,935.0
r4Yc9DNLw6,930.0
yWgkgc28hj,927.0
cAmi8Wd33U,939.0
WUeIjJdtK9,994.0
oPy8KvRfxK,994.0
UW8i3LRBUv,1401.0
oNLpQCcthJ,1398.0
CbatqUH7SU,1399.0
ozTEO337Es,1412.0
3k94IIEQ79,1440.0
FeaR2QzHw4,1416.0
2M1Ina13Ry,1427.0
wpDyPFwgwj,1423.0
2PToiV6jOI,1417.0
YMW6XZGwky,1417.0
A5nw16WSzl,982.0
r0By33ayrk,988.0
Y0ZI7D1pgE,1228.0
MB4gNzTcDY,910.0
9bpDlhm6je,915.0
dw6C8Z7mtw,1414.0
LFkS6MultC,1399.0
YCqhJrqfvD,1393.0
3tyempfAbc,1391.0
XGOByO43sx,1416.0
7qrwGa3L32,1422.0
JUQEK9sGwn,1420.0
gQ98WeSoyB,1390.0
gzeLwEue6k,1385.0
e1EOyHNHsm,1386.0
AMX3owEol2,1394.0
R1xmOEcscx,1390.0
tjyeaMEaKC,1394.0
vpd43A0gOE,1407.0
g5UOKfUajv,1404.0
wWffC4b1Ar,1406.0
lYiYqDzz3d,1404.0
y6ECWm8aCQ,1410.0
nianoUPACl,1412.0
79fhp17myn,1413.0
z1NK8mX9n9,1388.0
r7WA6WnrY8,1401.0
rcE6LkBtRk,1451.0
T8KkXBwWkN,1452.0
EZmm8EJMs2,1440.0
osR5xFHajG,1441.0
AnWdxNP2Uj,1384.0
4sN9ELrCDE,1421.0
b1JaqYs9NZ,1392.0
sfndM4quPD,1388.0
mj0l8vlOAL,1420.0
W5885OQzhS,1419.0
A757UYokYv,1411.0
GMM5hO24Dr,1404.0
tRJcC6Yzns,1082.0
XxzG7yTAyM,1066.0
JlcHhdJh16,1062.0
u6l9EJFdJo,1077.0
N0tjN1LJXR,1089.0
bKVZ6dbV4z,1088.0
d0yLfiZZdy,1073.0
BzpsZPGV6z,1070.0
sTMalSKMAK,767.0
sEZu4eJ8o1,998.0
FtHwBVcdcy,1008.0
iXVzjU9Gij,1006.0
Z6c3RzdZtH,992.0
sJE2SW2fvU,1001.0
dG3pMj3cT5,1002.0
MLEnwUrY0x,1032.0
E04QurBSzS,1021.0
VgG8s6eb9F,1067.0
CDXsolALaW,1006.0
qBbJQIx2OH,1004.0
uYyCPzb8Cp,1010.0
7W2OxnHmoB,1008.0
ImY7VMAVid,1019.0
RhogyA8O9c,1025.0
SHqu6po2mP,1035.0
ZE6VsrkCbd,1027.0
EAq2o08IFn,1625.0
t1N06ZHTkG,1050.0
0yNluTf6LH,1049.0
ktDpJNgJsB,1061.0
Ncqe5NSaZ9,1055.0
VxcxeNmmb1,1040.0
Yuw1vptpc6,1054.0
QfLPxaSz5Q,1044.0
jDxcwSxgRF,1073.0
mNJTNeXyiE,1059.0
SEeeHxcRzF,1069.0
4wCo226eE7,1071.0
Ip5gYDerYO,884.0
WeCSXk9orE,868.0
g6G8v4sBw3,884.0
BNFnDms8d5,863.0
VCbPuB8OJv,883.0
vMXBhm8bf0,877.0
Rwoa7GZs1B,942.0
yAGgs13zPo,935.0
LHYtqhqzFT,937.0
PNraVohqLG,941.0
9qSw3VtNh5,851.0
X2dfexjpT8,858.0
P3fh3zmqrA,823.0
Y8y7brFQUk,1622.0
KEdvRyRRov,1617.0
E0mF64NgUO,1603.0
kfnH3bJFBX,1606.0
4cAVmIdGQ6,1565.0
bUFPv7aGfw,1596.0
kXMDhJjgNT,1602.0
LEPIlNh2ZL,1588.0
XCsMqZdFWO,1584.0
3H9yCZqsIe,1594.0
NHsO9x7hEU,1612.0
EQf8zntd4l,1627.0
GKysGp9rLF,1621.0
82OIRvjEOM,1610.0
r6zA83e52n,1609.0
riqR23c4M6,1604.0
B0ucMMiaUf,1608.0
5tcX40YUS2,1582.0
w2hIfXmZJ5,1599.0
JPfi90VDz1,1584.0
plJNMYhtS5,1594.0
pojZqSXaZC,1026.0
oeYbo85cpZ,1027.0
cGLKXPT1UI,1015.0
IQoSdyB7GB,987.0
zGpPZHYbGJ,1063.0
wPdSbyK5p3,1077.0
ydfaPyq16K,1056.0
vGUCalJoQR,1064.0
Oq9KIXxDfv,1067.0
z8dmB8P7nu,1070.0
HB6KrbvlFw,1039.0
bGEEWiujey,1036.0
XyuAvFFraN,1057.0
D6u7LNrlgL,1059.0
hOX2QWlu08,1066.0
1Y5Khm7et0,1064.0
UaUiuXgazv,1023.0
vODgb9VHNh,1037.0
4ZXqeGMnGC,1043.0
0cw73Ls6EY,1082.0
VojEBEBRf0,1060.0
MpnBHGc1Yn,1047.0
ZbZNvlze3k,1046.0
M1No6rDvdM,1043.0
677SEiwhDI,1037.0
cZS8Ugil8j,1020.0
uvQKDhReiZ,1044.0
6NdTdA3LbI,1044.0
ZpmEHjsHug,1051.0
gAG3Nsaihe,1047.0
2rXHLRj907,1045.0
ph2a4ZqZqO,1010.0
Lho61ukxzm,1027.0
7QvnbJBzO0,1587.0
pzRutWOJw9,1019.0
mDnCK2YBIb,737.0
kgXg6SmVzn,1048.0
GBPM0EZh7s,1058.0
qJmYaIt2OP,1076.0
btOVv15Vq9,862.0
OQaykItQRT,790.0
KxN5GgCLdE,1091.0
tk0McN6pCP,1088.0
RZBsL0Nqxq,1069.0
diHaC5AsK7,1029.0
8mn4MiWSly,1051.0
FV5TQTH0je,1109.0
H59fBG8o7M,1384.0
y0q886YDHg,1285.0
NfyUaHgMdC,1289.0
bojgGkYue6,1313.0
auEI6V0izS,1316.0
rWLn77abWk,1307.0
XlIRH8bo1p,1310.0
FyC5pTgyjJ,1313.0
01e6Un0fMf,1316.0
I1qmZFhMSG,1314.0
t896dvLaa6,1312.0
5rHm1vhji8,1310.0
DYXIagKulR,1314.0
V1Mk0jRssN,1339.0
Xxr1tNwF2Y,1342.0
qew8VRXJMU,1343.0
rhSlh1XwNa,1341.0
CRwVBCbYV8,1339.0
HBRHNi5ddW,1342.0
Lqxg80oynN,1288.0
nDjHWsaAZR,1304.0
6brPdSfEAV,1294.0
7xe7lQpSqI,1298.0
U305a8Hh67,1298.0
Ht7mPFQcHq,1304.0
i3yTihEfxO,1270.0
SdwKk0UlPL,1289.0
VR4IsT9sMz,1293.0
XggndLC1pC,1295.0
r7ugINzSuv,1296.0
gJQbcsKyKa,1300.0
nHrAtlPUJN,1298.0
LDlBmj5sSy,1280.0
uyKPIgTSZe,1471.0
EuFlnSxo33,1369.0
9psGZES7zg,1363.0
pqYN1GzznV,1341.0
dF9ErHVq49,1344.0
SYruf52Zns,1354.0
fx2ejPwErM,1345.0
AnJsdiYxdJ,1351.0
v03Ua6xg7R,1341.0
4Edw7IRdxw,1364.0
6hyGhyY6FC,1364.0
mLJnnWOEJp,1362.0
mpfQAhDHB7,1356.0
TxKMTphpWw,1372.0
4FCbsbqPZ1,1367.0
4988AQbf3A,1367.0
awQFMWTTkj,1443.0
5GsRTYpeWK,1409.0
6dKl5pmoHV,1963.0
Lfw74XKYu0,1911.0
f4nA7CcW2C,929.0
cpAiTBwml8,1583.0
iw2Fl8arLb,1621.0
TqV9ifZ03e,1622.0
tIi8tS3X5D,1518.0
e328Qj0rTq,697.0
H3HlfKAMlE,751.0
vNuPCP6Kwv,640.0
i1uuCAXLBU,1012.0
TBEwmGMSmi,811.0
g7h1k9UB0P,788.0
odaPsFaxHJ,803.0
Sw5x4lEIGp,797.0
dgOuZs9NOv,778.0
l2pLxiC81y,780.0
CpyFRc1GKa,1569.0
p53c6g9gW9,1612.0
DOmsqOFpDh,1653.0
Q4RMJHG80G,1642.0
HbwiknSX0S,1630.0
24AmKEVwME,1636.0
QcFHZHSgUd,1568.0
l87uDaMOHc,1592.0
Y5Ihljr9mv,1581.0
CMuCAjXrfp,1585.0
07OrlTJdPL,1599.0
VpkqFPE6CB,1597.0
Xbn5WFis9A,1563.0
GqdmV0k0ve,1562.0
gBCpA0v1R2,1577.0
ZKQaZSZHG0,1595.0
DRbI49tTsN,1643.0
Dk6vWm4dbs,1630.0
ijxeMkDD1q,1498.0
endEKpyxo0,1488.0
1l3K3juXeV,1484.0
1R4KUOqVn6,1487.0
WRdAPCzEQp,1487.0
cc2PXq0GpS,1493.0
ghKmUANNGq,1486.0
RbYfqRLXrF,1489.0
hg7Bgmt4zk,1488.0
RfsO0gnY4X,1490.0
DrowzByxI9,1466.0
FsyOIZiNYq,1463.0
UCMBR3hDrT,1458.0
y8onWdHInq,1458.0
cGZvXD93HM,1461.0
clhWpOBLlI,1464.0
oArRgZ23ka,1465.0
w58hngNYss,1473.0
UyEx7nUPtP,1468.0
yyyu2ZMaeF,1472.0
TXO0d2r7Ar,1465.0
Ed6XGww7HA,1494.0
GOkYHhXo8e,1512.0
yzeWVVQLdP,1507.0
36ktQb7WC1,1502.0
wnEMdWLO7j,1513.0
ilBWXjQFjt,1509.0
JvDOTMWqiF,1500.0
WTSaeLHxK2,1501.0
ZJF6Ll7wF4,1499.0
wipgC6nHz1,1497.0
fMByb6IHFQ,1520.0
fF7sG7uSGy,1521.0
ZYiIYFtbx6,1520.0
WRHfH7SG3g,1519.0
WXsIG9KpoS,1505.0
QcYcQkxojY,1503.0
2qBIs7PzeO,1501.0
V2jlQ5oHWU,1497.0
cKbpoxPOxX,1497.0
e7Y9jkABRc,1494.0
2rLOXhGkQ9,1495.0
MKe2eYurmJ,1531.0
ISrd2j7laM,1531.0
hADrPkz7M8,1529.0
MSyNWOxWjU,1528.0
ks3elra4ir,1527.0
5kFTLvF5H5,1636.0
YiSn2TurBQ,1637.0
3jKmjn4ycq,1635.0
4sE1EXAHzt,1635.0
eTdaF7RYUQ,1640.0
WoBp0L8RkH,1640.0
9danms6G1d,1639.0
OxUsqVHT9x,1643.0
emb8CrYy4H,1640.0
RaKKgJzE6k,1647.0
ZaqW4kFnb4,1641.0
nsxAnf3tyO,1619.0
4vvQX6X51h,1634.0
Gmngix5sZX,1562.0
IoUCZ5Dx7F,1621.0
i7voQwB1oT,1646.0
Yzi0SH29GD,1620.0
FqBIWgC7uL,1572.0
H8NHtR3iHp,1599.0
86h1QtbESG,1600.0
hvE8pWEzRY,1641.0
iK7rnE9H1M,1644.0
NqUPoMU4nF,1621.0
3xc9IN0Omz,1639.0
r1bkRQnj0C,1634.0
9j5ujKnDLf,1621.0
xHwF1cmore,1631.0
xPFqm0EY7q,1635.0
gBQzz34ubK,1625.0
8PgeZIFiiG,1621.0
zWAJoPq9T9,1630.0
iwyqCDVq9x,1622.0
v69vYt56CU,1645.0
QDnspehRV2,1646.0
hbRpat1l41,1634.0
6spCsx2mlD,1640.0
u434SW43wM,1630.0
NoaON3DnhZ,1614.0
RC0Ndd0b52,1617.0
Je2IoSecc1,1638.0
SW6TM6f0DC,1048.0
BjUx6xnfzB,1480.0
S4drCNzRCm,1486.0
k2AnPL6J0P,1585.0
TVS0iWnIyB,1589.0
DcnqsTvcGF,1611.0
p9XYxjMm25,1616.0
IFOPMcyfTb,1589.0
Bg3s1uwEvr,1605.0
K9YFt7WGO4,1578.0
sN6WkZ3a7d,1576.0
9TMRDM63Dd,1578.0
rHqPPTFrxS,1500.0
XVucMegq8L,1502.0
kym5e2LN1d,1539.0
PyEhDMe0tR,1495.0
1mRkYQYbtr,1556.0
RZC1iZSLuj,1638.0
eoxBxOhKqh,1642.0
q5PlHNk4wu,1647.0
W8ku1hsvGR,1649.0
O1qHriNeuZ,1645.0
45iatJwiOs,1633.0
vLuIyuNJFx,1598.0
EdGWhdAsfM,1645.0
Lco821CXZS,1610.0
eAxokQDI6Q,1634.0
25A1prvIeP,1611.0
WREvkDOt5u,1648.0
p3dNFWnR8c,1484.0
jVCoC4J1am,1487.0
K6zVtIyCbE,1490.0
aSyyjgVpDu,1489.0
bBZoMkFct0,1495.0
poNfBhszN5,1484.0
KtNVbVnglS,1493.0
2pPaDd83wm,1486.0
IMOsAoRRjB,1491.0
DaIb69V4MY,1492.0
iS1jivxORj,1494.0
SS8mXhxwNI,1463.0
IdlwL4txOx,1500.0
ugDqoMG3HP,1498.0
QQTJZFARb7,1500.0
xJYsTB4Pnr,1500.0
84XwPv5FnD,1502.0
KqZ9LVRCq6,1509.0
Y3fvf0OoIy,1500.0
NIRPLUulQi,1643.0
6Cy9MVtihX,1644.0
gO59VbGvHS,1642.0
Gl8dfCsNLi,1644.0
h3aLSXYsMi,1643.0
5BIYMEWAyv,1645.0
qKG0Hw4ME7,1623.0
6qiQRhR68i,1585.0
CNHAeDBY7q,1586.0
tAL2e5mFkE,1565.0
pNl3dG4NKT,1559.0
rnLxBie3Yq,1581.0
oh7s48amIy,1566.0
4WekuQth0Y,1605.0
gv7ogCyoAo,1565.0
QDQDAsQW5N,1557.0
pSTuEe4qo3,1586.0
uRJgZwhqr0,1586.0
v5a6KmF0M3,1593.0
VZUAuuUKaG,1590.0
R1nrDhFKnQ,1593.0
XZYdhchT42,1589.0
KtM1IgIfyv,1581.0
c2HOpe01JH,1606.0
PiYRxlIlUE,1622.0
wZLTaKTMyk,1552.0
S5evzyOxaL,1554.0
CVecnkTBSd,1539.0
FOVaYBumk0,1499.0
QJ74Qx2ns3,1497.0
efEkW0llaP,1513.0
phLTmxr2dB,1500.0
Gn5zVi5ZD5,1495.0
neUG63uMIV,1496.0
irbNKBHo9x,1502.0
fSTwDD4pZA,1504.0
rYcIT34fsq,1498.0
Brgz5S3HfP,1640.0
c8EOOqlf25,1638.0
WhivDcbiZj,1639.0
zH6M9qCnYP,1643.0
7StPhgrgQv,1638.0
G8eFrV83KZ,1642.0
78bZvT2JHV,1644.0
Ejvn7CPSsQ,1563.0
7ykp8LWKhi,1565.0
1kiba3paKA,1566.0
1w3UESuI01,1390.0
RVHdjCg363,1375.0
AeNNBA0LAA,1502.0
xO7xhe8Kta,1507.0
32yBwFwEMO,1506.0
hIJoy13j0M,1507.0
emfUoKXDeU,1411.0
ogeScs83i3,1415.0
0tiokybV1l,1416.0
KU2xgOUwjJ,1415.0
Kru0X1u9zk,1415.0
tJrWwHa3z7,996.0
KE7x4TxIWX,1596.0
0DfTG3u4Pp,1631.0
B7nNk4hQVe,1587.0
ld8TvRlH4z,1591.0
FL4WT0wVvy,1477.0
oL7uJjzSdr,988.0
mf5pZOLuD8,986.0
f5BofgaphH,995.0
kNrc6CCc6C,1626.0
w5WFtIz2Ec,1621.0
iRqxdocj3a,1622.0
IEIFCH3Cqf,1623.0
peC348Sr0O,1528.0
9VxXQVl8HF,1525.0
qitslvzhdp,1524.0
0hpxwMYgZd,1530.0
dV2kWy98AN,1595.0
gtpxFaWUMb,1329.0
nvbDwyR9rt,1347.0
4iWy6M8Wtz,1353.0
esRW1uL8g0,1435.0
fVnMqc4l8l,1283.0
Ut80MmBNJD,1418.0
Uy1iVz3ngL,1422.0
u8z4d3Ti5j,1421.0
fjwUrp4nRe,1444.0
61xsL9hEUt,1441.0
bquOLFCeVz,1444.0
1UvKydDoEN,1569.0
W4ZcTRbMVU,1509.0
UA2gGzQMaM,1513.0
AL1tYmZL3T,1512.0
VnrhVXAqLv,1511.0
gHmDrcNP15,1510.0
sgBhCSq5ao,1457.0
uWwKnkvlkT,1459.0
eSaFAyI8Mi,1577.0
XWVF4VMCtl,1490.0
j0MmW69zn0,1556.0
qoZ96ziEfh,1498.0
ZSzl2Qh4ZS,1496.0
xhfSjHpiSs,1495.0
aoYeABa4Zw,1494.0
jXM8sXgrt1,1494.0
rcCQPeJtD0,1584.0
8UBbwazXM2,1578.0
1tDV9hDnLu,1582.0
r5vHfo6xfs,1514.0
E9DzhE2WLi,1517.0
eoeF3WU7ww,1514.0
4NqKNq6T7r,1516.0
r4IRNr4hhX,1515.0
55Vt4RVnHI,1606.0
Syn8DW8i3l,1603.0
oNzyC4zOnr,1603.0
YkefdPC2pF,1600.0
IvCDkAbsmz,1494.0
y2n0ouODts,1494.0
eZm5m1Ss6w,1505.0
QIaByKLF8q,1506.0
ILyl4G3xrX,1479.0
1FCty95x7W,1484.0
Wv6C97QHMn,1486.0
sur17hJMpK,986.0
y5K6omm1qK,1636.0
PrDpjfTNQl,1027.0
awLv8xCPFZ,1566.0
unZaNeLVCu,1003.0
IMvjqZOS24,874.0
H6uWAuEeuF,1018.0
YV9SgZJAX5,987.0
ZkIFdDT84u,1417.0
WsdzAGJOhR,1068.0
4etDYlptzp,1067.0
D8D4a3FXy9,946.0
PtEgWVdQ89,948.0
HurZUmXzqz,961.0
BDbpUzCZl0,969.0
pkCvAKs2I0,972.0
Tgr5W6Totu,974.0
jS6YUROWIb,1456.0
xLzmkBY4I6,1468.0
HKvXm80OnJ,1434.0
nfvoxRH3Lc,997.0
hLbUY3YHZm,1001.0
5fFt7PAfco,1006.0
UAaTOvF2Cf,1383.0
IlM9DVUmYx,1392.0
7mzzfaF3os,1392.0
WRNH8FfVxe,1392.0
J7vtd3JcAM,1440.0
NIIyyFY5FR,1439.0
AXZPgMpyvL,1444.0
aiE6wtEKPu,1445.0
AIQy4jn3WI,1305.0
Ye4rU45eXT,1353.0
K6BmukZRdk,1409.0
TlxCl8fSBF,1414.0
RWWf0Xxj9z,1480.0
gZNDv94I4g,1489.0
GkfSNmCxit,1474.0
z4JFJZECIU,1442.0
j8eFt81nCS,1462.0
rQdXBUYohl,775.0
58TI3vvMbd,1663.0
VepAMTiiqF,1662.0
uUUYbbyZzD,1672.0
6aql5um9Lv,1611.0
tWadZIyFe1,919.0
cEMvedNhni,910.0
CKASTHB6GF,860.0
YLdVtgcm16,1605.0
0ELhQvl77E,1056.0
pK3HxkON48,1052.0
CZMeo8RNlI,1025.0
yEav65msbN,1023.0
O7QZzwdwUF,1029.0
4649v4o4IU,1045.0
ESsu3JHUIK,1037.0
5hlQheBgIA,1047.0
CApdku8YSc,1022.0
I42HcgnIQl,1012.0
bY4Fno0Tjm,1010.0
XILZECMCf3,1277.0
RlagYFCK7B,1060.0
vl4HhSGFHx,1063.0
I4365HLvDy,1025.0
d9FyYekVC6,1522.0
yZixiXsl62,1418.0
khbq7BK9z1,1406.0
gqaBaJj7I4,1444.0
bKlGeqpM13,1410.0
LpEfavZ5A2,1400.0
nEDtlpqrbz,897.0
QcsW0R1hs3,1297.0
RAE1rcVTM8,1306.0
C4CTz8oR3V,1732.0
FEvicvuC0c,1578.0
KOIqcb6P3o,1356.0
jQ4q7Kk1pK,1358.0
WQ7nU93bbo,1377.0
fWQ8hQg20k,1366.0
vkStTbCJBN,1365.0
q7JhQwoEi3,724.0
nJlsouljcz,986.0
PM6ZCLb8Mb,993.0
Rl6bPQwm4N,990.0
MtGNPJjZMs,988.0
0xHCzWC8WK,985.0
RkAfYrEEBc,986.0
C6LWHaK07B,988.0
kboYt9QC3O,988.0
Hg5OkpTmIv,991.0
0Sq1lK1htu,992.0
Obo0SqSCvg,985.0
e4heWSx8Gw,1025.0
FRXnU4XZEm,998.0
EBoN3JsXQe,988.0
mGOhiyZmCE,989.0
xZjh4eVjiz,996.0
KXEmc9aMxe,994.0
paQbjqZsYi,958.0
EmrqOSJfmq,1055.0
nCM3LAUUSd,1058.0
k3zQUvJBwj,1060.0
iIq8B8Pmhr,1066.0
kltMbFoI4n,995.0
WRWHpYUPwC,984.0
bQ33lYNnQm,988.0
mVGrjnUmFo,985.0
yklg2vwLjM,992.0
orvBgs8o4X,997.0
GkXzmXebCN,998.0
GDaeYtC83h,1009.0
Wh3oLGfICL,991.0
w9ftdKPaxf,990.0
DNAI2dfJdC,990.0
JNUCIHNlXs,998.0
zbYC8KvuyF,1006.0
Tx0tAnIR7J,1005.0
oHSrpL8uDA,808.0
8S43cpAZNW,1051.0
Elbb4Qg6WG,1043.0
XVibuPqbhO,1056.0
k8wpXtMkxO,980.0
aJl8Cd4Ecd,932.0
Me9DJh4652,937.0
gJmfHaSw2i,1040.0
kWXJbTmT0B,1020.0
Z0CjC9meAT,1022.0
WDHpNwa2gO,1018.0
YJQaFBWpKa,1026.0
nMfqCnhBPU,1031.0
slyRRsgJK0,1032.0
HD7NrhGxZv,1039.0
pXktVqco08,1014.0
pKZkgsbIQ9,1015.0
gYr0sX9g15,1013.0
nnmsrRREZZ,1015.0
71huFXfUdJ,1016.0
QsllsCOhrY,1016.0
iJiOU9PS6J,1019.0
KOS3HwEDFX,1020.0
qR8rQAW1kx,1021.0
JBP5M8iSXn,1019.0
faS0rdm8aD,1018.0
vxmTXInRjc,1454.0
OfVNVkUypM,1455.0
URI5t0Hn8u,1054.0
VAkmZhzOy7,1062.0
QgiXv9igWB,1095.0
artXyEogJG,1014.0
AI8dZ1b3CY,986.0
38WybJanme,923.0
CFLL14F85x,931.0
Vxt89leSyP,813.0
lWqWAkYXos,810.0
RI0xeoLl5I,782.0
XH06ff8GJf,745.0
xEJaA8Q4Ha,790.0
v8WdtZ9VsV,807.0
W5iKVnvG8T,812.0
LjMZpF5cUS,805.0
MeNM5WbAoV,812.0
Wph8B469SA,797.0
J0A5quOfCt,1026.0
g5gaiK8mcz,1037.0
jNSdWSzV97,1023.0
j0sFiXkLyA,1031.0
54m9joyQmP,1032.0
ze9Xpk4Yno,990.0
uIufN0h5ZK,1033.0
mJNyn3Hs7o,856.0
OT1W8Gkv48,851.0
KHWuUgfZas,1130.0
DFINwTu2DZ,1135.0
KtGPYWwlbn,1105.0
RIs2OjhfQt,1076.0
FRYQkTphff,1081.0
lmV5km4dOw,1101.0
njVzwOv39j,1099.0
gUeouORAMA,1103.0
OO8Wg01sTo,1106.0
RDUCUYbDdB,1092.0
HbmmJ7bJBR,1071.0
0x7H2Pjy50,1077.0
Z0V1L3jDLq,1078.0
FAZkB84uKX,1085.0
n9AAVSvUfw,1084.0
fbuI8PtVBg,1088.0
uulophnU6e,1086.0
VqsZbjtOfB,1083.0
f58Nj4kzY9,1084.0
1ghSqqoWv4,1080.0
MQN9iasnPV,1078.0
9lZeQYAOr6,1068.0
faXzSM1Nnb,1069.0
AHNTpnOJNX,1069.0
g1kF6DyQ6b,1061.0
6iq1QjGMtU,1063.0
qWUaTPIicr,1074.0
reFypxhuT7,1070.0
DxW9e21KJQ,1071.0
WIUphpRpVa,1075.0
g91QIcva2C,1071.0
4wrrs1vyHN,1070.0
nqooIqgcRv,1077.0
wIDKjYeZMV,1079.0
ZP3wcUWmjV,1079.0
DbqRcmOV2C,1076.0
6K4sViq1rG,1071.0
DtmlVcU0gb,1071.0
9JeNwOUgJn,1073.0
N81yKFsQ8c,1062.0
IFEczFKIvc,1065.0
HMZkmmX26O,1068.0
cxMFaLErl2,1065.0
IlzeXu4ApO,1067.0
asBRc8aSuN,1065.0
Kyhh0hAE3o,1056.0
sztycFyodb,1046.0
s8FipqFPF3,1060.0
R2mJC0Gl2C,1053.0
bNGihfpbRJ,1054.0
B4neHQCKMX,1045.0
sXvvueQOSP,1041.0
0vB1FPDfu5,1065.0
hyONz7plzm,1055.0
vKadwRyRXw,1061.0
3Iv3vb4stS,1064.0
3OtYbk8wZp,1059.0
gWCjYT14Ej,1056.0
A44z2Eqn6h,1066.0
JLlk32QUQZ,1058.0
jEB9PQw1Ia,1055.0
16v0fP2Kpk,1054.0
ynf3JTh3T2,1062.0
9pjw3kkPZa,1062.0
BceNur9qBE,1061.0
hZ7gQz5ew0,1064.0
GGm75VkXhv,1069.0
EYwwU220N8,1050.0
1zFpVdi3NU,1059.0
prD6rTsYEh,1053.0
d7D04eethC,1052.0
DdQDXY9gfu,1050.0
HTqT7trWAF,1053.0
2pQyMBIAK2,1090.0
xPk29WtnHR,1085.0
2KXAapTenb,1085.0
53y7l7b5eG,1082.0
jXtbIFNbdi,1077.0
pkNWXISeF5,1076.0
2wSEwqz5JI,1071.0
aJggSYe4UB,1053.0
OhvpX4lCHU,1048.0
TVMNVcfyGN,1060.0
XA7gCtHsxd,1064.0
SDKv9X1dOj,1061.0
Iy8auNszH1,1067.0
HQimLEHwDQ,1059.0
GDlA77gG54,1079.0
X5mnjt93O5,1079.0
IW2X23tiEL,1083.0
uloi6oPG06,1085.0
nid2amIKL4,1090.0
fPChqW0peL,1090.0
KJtjUINF8A,1097.0
3F6u1sIsqV,1088.0
VMSb7PmrV0,1087.0
5Iuxnr5nTr,1092.0
ozN8bylta4,1090.0
6M8FARXfZT,1089.0
GmJDM6TAQI,1092.0
IzAuGhI56B,1092.0
H1lEu4NeL1,1091.0
yUoLsRSM5d,1081.0
lS3ggO73Z6,1082.0
xuQOxDkhQR,1078.0
dwQNXgPUsd,1076.0
2EVE2IA97k,1097.0
LCj4O0dOkH,1091.0
wzix9zoqja,1087.0
2go4qsmsa3,1083.0
gHVZ7DxbQg,1079.0
YAJPeEVJzS,1080.0
rKMPDw04X8,1083.0
q7MMeBIqHd,1076.0
ys0POFeTWs,1097.0
nDJnkDd8O0,1086.0
DLF6cFJhoo,1085.0
jP0nrzZAb7,1083.0
MYIp6jSxs3,1094.0
UxX7liRHeB,1085.0
SQGpOePDWY,1093.0
tNgYgb2ZaL,1067.0
Tk2vqsBape,1081.0
GjPv7MCBb6,1077.0
lUSuP0wyF6,1079.0
CdqATdWrbn,1384.0
foiSp5nP3s,1090.0
ZrazQ4Cvvg,1566.0
GgxZGIqwNj,1571.0
i3vyl2jqz4,1549.0
CHaz4ch8qz,1113.0
lRxPr2Qt0Y,1119.0
a1qjXVYTaL,1124.0
PatLYbBo9f,1126.0
iNwv5CUtYN,1128.0
GWds6IOWvg,1128.0
FjdFIZY6Fl,1143.0
za1VqsPz9d,1125.0
JxFh7PcDtl,1122.0
OfwptAo89U,1361.0
4kAdRyVEXk,1433.0
ZG30jb6610,1288.0
1SG037gBrJ,1361.0
ixd5DyIWN8,1426.0
MIeJuzxpqY,1385.0
NDzKn8cm1b,1628.0
XbF2iVXdqC,1144.0
ZADr4ZI93e,1142.0
hRtqo3RDRG,1138.0
YEAFI90z5f,1136.0
FWbzdXmjZ3,1126.0
SPjsG9k4Yn,1127.0
ZZwYd3lQaw,1138.0
kkmUhDBfrM,1140.0
zPdwT76TFi,1015.0
zWlvQOwZzw,1476.0
r3ZJ8Z5aNF,1530.0
aDvJTlv3k0,1473.0
jbEmtECR7a,1570.0
VOOIORIIBV,1525.0
JW8esDrmfA,1518.0
qVt1iEQpSu,1545.0
M1LMN9yFHL,1053.0
qSYDNkv5mJ,976.0
WfyHxImS4R,1010.0
L8wptknIRZ,1007.0
aV3zeb2xId,994.0
RVX4KSyMRQ,998.0
l401M0Tm42,994.0
dZCBcO007S,1001.0
UzmCBSFJjL,1577.0
Cap0QkAJGl,1574.0
mrb9bC11LH,1575.0
08Ke24J934,1564.0
cxOOQ6cS2i,1030.0
f4CM9Nc2Pi,1050.0
7qwZlZJamA,1046.0
nBOLuHjC6L,1049.0
uU1jIWCqxr,1048.0
EAhg4y1aeu,1040.0
SpFSMkkMNJ,1495.0
P2hlopfb9Z,1506.0
S625KsxVsz,1062.0
4wy99BFWuq,1588.0
30yGrKYAKd,1591.0
XzPyMlXQvy,1612.0
6t2EKDhbyD,1609.0
5QvYbv8pTD,1608.0
9Ci7EIfcwJ,1017.0
GMAlIeLSMt,1012.0
z5knjgLItE,1019.0
EAY5T1sFYu,1027.0
hBSO7XgI2Z,1549.0
I7AD8mEXzE,1451.0
frOjKq0vbr,1440.0
iFskVeROeC,1496.0
sGq6r2flHU,1623.0
bnUv9uOA8h,1588.0
dvEFrHp8bS,1589.0
0gEcVIVVq5,1594.0
e5NhhqExP7,1595.0
ddXDqXVxnH,1596.0
za86ldXROp,1598.0
eZfYUENGus,1593.0
X2GRIyKPvM,1592.0
KdNkSjz8JA,1545.0
MiFixphKYN,1627.0
836T4h4UvU,1410.0
Je3nbLK77Y,1446.0
t9PNcFwNVf,1025.0
Jkd1PL8mMc,1410.0
U5AFNbnCXO,957.0
b896G8mNdj,956.0
Ab1X8jgGiF,1432.0
a8C0bYL7fo,1440.0
CBP3z12TFO,1343.0
TGUtKKqnbQ,1343.0
CcIu5ZqUuV,1347.0
9JA6uTmvD1,1342.0
olWfHH3vnh,1342.0
xXPCKlKzYC,1324.0
FwyCN4XSB3,921.0
gK2boTJQN5,925.0
g40gjglI3X,1398.0
WvymhHMPEr,1408.0
jASqWqKdJH,1463.0
YWvMsY6O2a,1562.0
MSc0JMQiVa,1567.0
G80rop2Tv5,1064.0
PztGd6FYCe,1059.0
z43uXGLNP2,1054.0
Q124pHUIjC,1045.0
QXZuliYgtE,1052.0
G4SHlIZ9r5,998.0
WZVOWsytTy,871.0
c0UIoPLdsx,994.0
6r8TyEMcI3,1011.0
wp8eIIm65E,1025.0
j7GUMhw4hg,1047.0
MbjLWEfZB8,970.0
o571KxS1aQ,1026.0
mkVu4awbUr,1005.0
dwCu8LUC4G,1049.0
q2T9HGOVP3,1021.0
pgQAwzPezZ,1008.0
wRClsAJtzS,921.0
1DiKGZF4O4,917.0
SSbNTStXqE,999.0
5ipj7d8NBR,1009.0
4VRKSSGyGe,1011.0
NbfnlSWbXW,985.0
WrzOHc8Fr3,1414.0
KqAvjLQpla,1417.0
CO39GoIkqw,1439.0
M0U34QMO6x,1238.0
g9L6yrglDt,988.0
o6UqvK2Ran,977.0
9XE6yG2c79,1317.0
jy0dxszRB4,1238.0
KVnwr104uB,1337.0
usO2zCboDF,1314.0
DZtPVLhCvS,975.0
IogPo0NbNY,976.0
kuycpsOQDb,989.0
ModEgKCYHX,993.0
Atc5aAtUvL,999.0
0xbMazSPET,914.0
jrcVfAhBFX,926.0
HQBKJZiXBe,1401.0
LhhbfQ6XmJ,1406.0
OPLLayKS3k,1397.0
uXqHbd24Xr,1403.0
8GraFifHe3,1424.0
9kJ1SCkcwQ,1411.0
0MZnE0HXCU,1083.0
972FtmH1n0,1071.0
Q1TtLNwth2,1060.0
fOQ6BZm6FW,1070.0
cuUkK4rns3,1075.0
38LQc5GWhu,1080.0
XAYneUzp14,1092.0
nTOl2X5Z1X,1097.0
pOmvisCZtn,1439.0
RVTPpDAemy,1397.0
RFJnssZnRr,956.0
Y9dLGvjisF,945.0
PyH7snEVxX,946.0
g2N2O22qRC,946.0
MJlq2e93Ki,961.0
i5mHgzTAp0,951.0
04Mc118EMO,928.0
9ByQQhbxMw,997.0
Mo0jliqh8D,976.0
pkeeRUy7CC,978.0
COy6G1agpu,995.0
BqKZR2wyZj,988.0
ono2ETZFLm,985.0
DfaPrteuai,1008.0
g7SzSe3xJc,1009.0
2rmZRA0Dg0,1009.0
ogPFr0fAJ2,995.0
GoXrd3CwrL,999.0
fHr9RyS2Xp,1006.0
KEprmDxpLx,1098.0
YCy9350tPW,1049.0
33e6j4ttR5,1083.0
0aLz74YodL,1030.0
PAoZcpnTlq,1008.0
qqMOijSGzV,1004.0
XhlvLtWqzR,1003.0
y6mnLT4RUM,1002.0
rjxSArNHyS,1007.0
SVOLe1bZ8n,1014.0
ADXsgoHtSj,1019.0
SQ5NkkS15g,1018.0
t1NGJLaieN,1171.0
CSGY4C2kBM,1164.0
zQ1KUxRDDi,996.0
gcsDsGbulj,1030.0
COkgIc1QjQ,1031.0
VmJut0XhAs,1009.0
2WBJeqyU2p,998.0
hEZrsFh4XE,1022.0
woupJ0Bf8C,992.0
JHOWOjSnVO,996.0
Nie1UkrHxa,992.0
ieC5wBHZ3s,976.0
aQd9GwUeHn,984.0
VpkvjCoirP,773.0
Q3JyBVajjg,889.0
tNWRZLAOVW,866.0
0DhTH144me,728.0
Ba1t1imZZV,723.0
kGCWPl8uwt,1009.0
M9clEQFCs2,1046.0
PzLVnYURqk,1057.0
hoLZc5JsGv,1056.0
sBsHo7ZBjy,1050.0
VKohgIcAy7,1063.0
4TPUZoSXQC,1063.0
NYxYYd3qAP,1067.0
B3RFtKtYvC,1073.0
njyBoMJZeA,1065.0
NqRKIg5oQh,1111.0
SIAB4MI0Hh,1074.0
aejlrtO8ui,1053.0
UfC8eAQbl3,920.0
IB2EmUCVl4,926.0
R6aXxrMiAz,933.0
MSw4CeBnV1,926.0
uZV0XWmj6E,915.0
q4GLrWOpVg,921.0
EvOeTiD8Xt,935.0
Rg3hDhY9Ku,916.0
RUBi01yRPf,937.0
KfLGTITrTH,936.0
VjmJTDy0MT,940.0
BjdXmzqB19,1584.0
eccOIqOjdM,1566.0
85XaSukawv,1583.0
bus4JiDUBQ,1595.0
cwEigRXV49,1603.0
xW2SlpFc52,1589.0
7bFS6ISRBe,1590.0
Hqf2wapRiX,1600.0
ZzF5E3YKaF,1603.0
qjfyDNuCmP,1586.0
4xeMswptli,1568.0
Gc6knempDC,1571.0
moeUKoLbN0,1589.0
VtxgCevtMT,1586.0
jdOQRWPuIh,1593.0
jbd8SRsDqq,1606.0
PIPD7H2UTO,1607.0
utRbtIqfks,1603.0
4YdzbDqppS,1607.0
Y5z0NOyjXd,1578.0
XezN1hMhlH,1561.0
QWnRHbcOQF,1606.0
kdTXEJh3XX,1600.0
kKflGsi169,1042.0
MpRx5bxoro,1574.0
PMie6tMVpr,1074.0
6ObfeQb99t,1077.0
CEJ76k1Md1,1067.0
SetNpYK0LP,1095.0
ny26rq5Axj,1038.0
eT6upfE2a8,1031.0
TRLRu6et3t,1016.0
Q6zVZhPl19,1014.0
a8g35dMzaa,1005.0
qe9aOGCflh,1008.0
odtNhYIV5D,1015.0
oZz4xBgLqc,1021.0
I7vUtKNx4m,1015.0
Ads48OqqqC,980.0
KN31UntWBT,984.0
1YFvE2nBJy,1000.0
joIJ5QYnDD,1000.0
R3ExEr0jdT,1006.0
aIrNEA9Cg5,1006.0
8dcWzvFc9k,1005.0
TYXFayVxia,1012.0
v0cUC4gvEf,998.0
yb7Jwbh0mp,1032.0
l93X94ylWs,1024.0
WgkNv4u8r5,1030.0
jaBbsW1vNF,1038.0
ZuGIigLIMO,1057.0
k7TIKF4u4Z,1065.0
VEjfktuUSy,1062.0
sdykw3DFqy,1056.0
OwMpCOslrp,1060.0
IH3L9fFIGn,1060.0
IztBEFa5EM,1065.0
thgxLnzeT2,1061.0
Zj1QbPEX7E,1054.0
UZVuXAka7m,1051.0
Cq7jnFhCPE,1050.0
c24y1sv3OT,998.0
zdFCgNWDki,1019.0
Q3qGbnHrrg,1028.0
hIXEgvH7HO,1044.0
RVkpMIZ64X,1071.0
LYKyjYAHfB,1061.0
aR0xob4ZCf,1049.0
HdJCST8UVE,1028.0
npPPqAKV4U,1019.0
X24wYkHPrO,1042.0
Qo49420PWG,1046.0
NAdPY4RdWU,1045.0
zQ7CyaOclH,1004.0
7CvS6nRHT5,1028.0
ojOciKsZWD,1038.0
RSlU13xrIV,1412.0
gGmApdnDkk,1411.0
XtEYiYvpyh,971.0
Aplj470fIT,1015.0
Tj6a2I08q3,1002.0
p6XH3969GS,1025.0
qgcaf65AdM,1011.0
DsCiqHX4AP,1004.0
EUdqHCGk9X,1039.0
XCbpnqxWaD,1021.0
OQI3BuA9O5,1079.0
NVa5c2REjG,1083.0
v8SZWjN34N,1091.0
Z1uDoVaHzK,1092.0
XZmS0ZvFBr,1075.0
JV9A7yvvI8,1085.0
3Vr57nbNgI,1105.0
p17w76SMBO,1021.0
ihN4jwLBeL,1023.0
wnOv5CITdU,939.0
Yvp2MrLYf3,1074.0
ebXvLwWxTe,1065.0
9DMVSodGg9,738.0
IGpf9dmAEr,1526.0
V9FCv5Yt4g,1562.0
DQYZSdbbqN,1560.0
khZDfM22Kj,1061.0
xRNhaE2aBE,1054.0
qLCuT14kw6,1053.0
DXn2l5XWCa,1065.0
Xo9rT6dspU,1040.0
W0Np8wggre,1087.0
KY9bukYsED,1066.0
GhWcDBvHYe,1046.0
yKhsPYE0e0,1406.0
riEXu31LV0,1393.0
rg5TW4HEEX,1406.0
L6hrO4glRq,867.0
mbHZ4bbO35,925.0
pODaEm97i6,1114.0
eXxk5ccK0N,1042.0
FiANW03JXz,1062.0
HQA4x7UouG,1047.0
8Tsw1QdUOb,1057.0
KeVyViFVZY,1077.0
yKjyNocJ2q,1565.0
2D4RHEO3Yu,1108.0
jQCKVQXSqy,1063.0
p1pBGGwb70,1087.0
HHqm6gZPHV,1062.0
1xNPgf6HAl,1093.0
FSQD2pBLcI,1409.0
qfciDGlEMA,1461.0
1LW4dvza0v,1473.0
1xFMEjWJJx,1463.0
0ApZrp3h75,1461.0
fqiaqApdbF,1463.0
fAyrqF2BG4,1450.0
AutzNmQkZk,1464.0
sfvsUfRoWV,1479.0
G7LqrtsGMD,1484.0
fQwQEF5pod,1465.0
t0CmkUIoeK,1295.0
4fXwuS79Bj,1279.0
tvLxUVYXJw,1595.0
OSEDHAPUQt,1673.0
sXUnnw4TwM,1654.0
Iw9JHC5TTx,1663.0
pHnIv5DrDw,1723.0
uOvB5gIbl0,1352.0
l46kuUX1Aw,1367.0
CBNYzcJvgq,1587.0
jdNnrgG1Dd,1358.0
2wT2VDu97u,1383.0
CR8dNnXMAu,1361.0
OtgTYgpFqz,1357.0
rbpMbftyUz,1352.0
lK1l0xitsB,1360.0
biOP7L39A0,1373.0
PoZHkzfv5P,1353.0
saLuWQE7Lu,1350.0
o3y4vMk8Jd,1352.0
PWfRVwdnNn,1354.0
JpDRRAt0X6,1372.0
6ql7rGqVQi,1370.0
esIWcqYvMU,1618.0
hCjy19Js5B,1439.0
hAf9VxB9Ba,1921.0
kZy5js75cl,1974.0
oxzcKuHXFn,1965.0
x34OZyPr4s,2025.0
c7BOy0AFB5,1958.0
EqyKtAs5yf,1931.0
0ri3fV3WI7,1931.0
DTClKyNRhe,1946.0
IRBD8bciWZ,1935.0
93ode7yb0Y,1952.0
23Kv6RVITF,1979.0
aTQiQznL1l,1619.0
bLuuVKpLVx,996.0
ylyn8Y6DAn,964.0
s1zefV7b3O,964.0
z1qpyjODhm,919.0
8xXr6aqrny,917.0
Jw5JNu0l42,922.0
UQU7Qj7G3d,920.0
gD0hPIUX9v,918.0
s5r0p1Wgy2,924.0
Z92gc5Dkp2,928.0
3mr4C1WErQ,979.0
1TbQ8suK5n,958.0
fJuI0wZRI2,813.0
uNInkuGFy5,941.0
cFkuvETxob,1004.0
nU1ZcSCYXd,934.0
vJmxlB6CRt,924.0
S50tA3S3cM,930.0
a1fnuDEyju,927.0
1u6Y5BJJx8,916.0
TCGqnByZPA,930.0
TdBxYS4B89,942.0
XnbclafUfz,947.0
rRfXzdhOhg,961.0
VhpaCDQY9D,981.0
GehWBMqLdg,945.0
0HZDDugM0m,963.0
CsatKi2Xl4,903.0
1e1FGGGD3Y,936.0
eMjFmxRApO,958.0
CVCP4UcCb9,948.0
kh4aRCPCoU,1024.0
B5BzOwcgFP,762.0
4JPalW5MDU,762.0
dzvUZkzQ7a,812.0
gZAQPq7cpq,859.0
FQfHoLifjb,857.0
fGylcpcGHr,823.0
M6Ov1VuUhb,798.0
yNl4AEYJ7m,804.0
DifzfRi1fX,799.0
IkbFWN2pb6,792.0
DkwZ0fkqYB,783.0
xwEFOLSHRo,786.0
lYal68Wap6,910.0
2lz76FyDFy,1103.0
1Hv93KqmU3,1051.0
et9p1qLAlI,1592.0
ULxPqFWjol,1570.0
hW4u8tqcN0,1585.0
kh0QkDRcL9,1574.0
F1idcmw8oX,1603.0
NgbPm2rHS4,1360.0
FMo3l0Jol3,1358.0
596HMMdmbS,1364.0
QzRCxQBC5Z,1363.0
hkUNSi20pB,1378.0
S7F5ma4YdO,1387.0
vcaZ25SmCD,1382.0
jsKVX4hbPi,1501.0
2ZOK75rEwo,1598.0
q4khkZVvip,1571.0
GBaSDfSkQJ,1620.0
raLIOwmzeF,1505.0
Q0x6XljjA3,1601.0
h8Wrg7IXkp,1593.0
MqQXmkirld,1548.0
LKPzUVMhcy,1227.0
yQlcP5ML8c,1223.0
IqnwHQwslU,1201.0
OIUAnbLNTA,1256.0
LIW0y9seIY,1258.0
vYxluatvZ5,1397.0
jwfHAojK7U,1394.0
3eQNPsHLfQ,1394.0
yu5hXd7Qoy,1389.0
4JJUjHBcaB,1298.0
SFjV6j5tVg,1288.0
pyZ2pkW8Al,1270.0
vAKoW3yDTj,1293.0
9cKhqIa6J1,1292.0
FSqsoYxu78,1350.0
k82uSZgusU,1350.0
y4Np6OuYRf,1420.0
XbCudcpK9J,1425.0
34qpgAhVvJ,1413.0
0oJpSmgBzb,1409.0
PzcIq4IU7j,1409.0
5jUyPBdCfn,1409.0
o8bPV5aMCT,1407.0
rQmFZb5PXT,1410.0
OxXvJypRAc,1404.0
f4H90JsiXj,1404.0
atIqtetHCH,1399.0
9CldiaZi5C,1404.0
CPSCzXkKkw,1402.0
BjYjbnEMTW,1394.0
Zc7vRCvEKB,1404.0
3Az3y45M3C,1402.0
U1DC8G79kw,1310.0
QmwlsFCdKw,1313.0
UYSOuUBKSm,1312.0
1X6HawFORb,1351.0
53P6n49VFG,1401.0
ETXcVLSpDJ,1409.0
3Jn73ihFJB,1411.0
VWTMBWY48O,1405.0
aVIiV8gNT5,1413.0
2qwQ9qNbYp,1431.0
aLrJbyHtgK,1442.0
htMALkwS72,1434.0
jBiUlqQqed,1434.0
ubtA4XNFG4,1445.0
ogkOF3GgkA,1446.0
Bw3DuJnPzL,1442.0
XmsMCF1wXh,1444.0
B19vEeqHtT,1435.0
caA49c1hjv,1295.0
GuHZn94wwj,1293.0
I8UqzaGV2b,1287.0
UwuE0CJ8FC,1285.0
zYE1byIIV5,1289.0
LEPHMXHNXL,1289.0
gZZcLMDEk7,1359.0
YFS8IgRwhs,1363.0
TTcfPjuEky,1362.0
M4K0pjwxmt,1356.0
vB0kcc7owM,1348.0
FjzAKmZyuE,1371.0
Ett0N2tvGa,1375.0
VxqgpHcYSI,1383.0
gRawK4o4oe,1431.0
oTq1IWWEpU,1479.0
zMAo1TYwJ5,1232.0
fHaoyhqfC3,1263.0
l0m8Wfjvut,1254.0
opQQMHThHJ,1261.0
ohIcJH0gz3,1316.0
nQEa3ljC1l,1403.0
oIozo9hDNm,1015.0
o9TeWXBmn4,1011.0
yBudiIe6CJ,1014.0
j6dHle8rsI,1014.0
jdnxsfAQVE,946.0
l1F9LF0qJF,955.0
2RxKN4Nyvc,1541.0
fUrPN1XRJT,1540.0
Kp28gT4lGt,1515.0
NKUl8PSGTP,1475.0
I7FqlJYxoQ,1485.0
ElemAvzQh9,1478.0
0uk2qHY3kO,1490.0
jHouDoubII,1448.0
P3rridm3Hw,1443.0
4WTzYcGr6x,1470.0
Z2LrVAgCm6,1506.0
EkCmMebqzE,1505.0
zvbWvzutcL,1500.0
FNOCbqa7VZ,1562.0
TQB8XUGXVl,1555.0
2ejOlPLwLZ,1554.0
5RSO4N0xbh,1557.0
8DNcVB0CvS,1559.0
NtO3e2eBGn,1564.0
8MrCDMfTcz,1566.0
kYNe2AY7Us,1567.0
hQcgawDqr4,1581.0
sHH6mchVfH,1530.0
a4En8ConEa,1524.0
F9ia6LkMda,1563.0
ZaGv9bvftQ,1553.0
AJUYIjYJNy,1547.0
NfPauzAim7,1516.0
SewjYcgTpg,1548.0
WIZQdfGNX4,1491.0
cmKR1TmXwW,1548.0
9ho86MCTLK,1543.0
glrks5J6g7,1569.0
aXeyA0QuQt,1571.0
EMCBpRAU36,1570.0
fo925mUB0Z,1574.0
rIZGrX7Qu6,1579.0
LbLp0nWUGL,1576.0
oAdVlGgWGS,1561.0
4ftDYx8DUP,1570.0
vZQYHSWiq4,1565.0
X5KuhkJHb6,1555.0
d4WwAiGtHN,1557.0
WvmSBX8J0i,1547.0
7LTN0ETSTr,1571.0
DbZRbCmrmO,1571.0
tlX1GPnsWG,1572.0
x0UYQZjOpM,1574.0
fbI7maE2ZP,1601.0
edqsVHy1z6,1560.0
pw5TCeBWgD,1587.0
1A6d61DpB5,1583.0
SDh4PfCikn,1604.0
Xfj2wGp6e9,1609.0
7Rs5Z6qoQW,1608.0
OCCxOSRxen,1603.0
BcQanBdGJn,1599.0
Yd9orerb1K,1604.0
XngV4DhiHi,1573.0
BRR3sdNe3u,1572.0
yJA4TEHL8Z,1572.0
LtJHRrdSsu,1580.0
lpxIxrTulP,1575.0
zszUaje3yE,1575.0
KS6olvwsbh,1579.0
2jCreJiXAJ,1513.0
VK49wzAiPE,1451.0
UiRtia2yd4,1420.0
lD4wgp5aiB,1459.0
L0D6IODKxv,1511.0
ro0Jhvng0v,1492.0
mA668A8QAO,1493.0
DzlZBDBGI7,1491.0
OGN6IYaLuA,1507.0
tHukzdKYcv,1479.0
ohXYVEPO2R,1579.0
TCIX4yrTo4,1588.0
FFNj9Ro6cR,1588.0
7KDBN3NTKR,1634.0
sLG93B0XFc,1605.0
fF5QFQDNS9,1620.0
Vqa4g5nnGU,1599.0
XlTllBvTvX,1605.0
N9NgArB8j0,1589.0
Eidfpyluke,1610.0
eFEoqZpmRh,1578.0
UURtkBtqU0,1588.0
xh0FQpq0uv,1581.0
g3A5UzVYbq,1645.0
lkDrRwMgUV,1621.0
JvfrYeXZZg,1600.0
xtWqnDZGxS,1616.0
TeQo6CzxBb,1653.0
sYjQx5pYOC,1569.0
trLVI4j0O9,1561.0
oInPQ3ULwJ,1579.0
z3sUnPCEkh,1582.0
W6xwLk7Olm,1593.0
1TudKImzFb,1573.0
CQN2MC5ycR,1580.0
Bmx2fwBIvn,1539.0
X1BgLKK80C,1510.0
mx5ZLgP5wp,1516.0
5Hp29Kxf5O,1502.0
7hGeR19JxM,1485.0
c8t69Hpgar,1494.0
REt9tdEPno,1495.0
iMwakr3T5H,1496.0
K7vlh4bKiO,893.0
P49enDJBtz,1003.0
GRQNI2BvXW,976.0
ObHPVy9Ffq,1005.0
UL3SX6YpjC,1624.0
1Y8Yic93m8,1619.0
JmcfhPwaHs,1616.0
tIAFtlYvXT,1621.0
QUrWIyj91B,1606.0
1b81o4FyLv,1617.0
ZdhDqpSZaJ,1621.0
Qk2ImYwjYK,1622.0
Gp3mXXrGLu,1640.0
nPk7iPob77,1642.0
aAP3oahL7X,1634.0
6yi72Jftgq,1637.0
slgqY5Npld,1633.0
zx4rKpYcjT,1627.0
5fJqh3QFt2,1632.0
N4XnfLlxcj,1623.0
DSXW4VfzHR,1627.0
AhuarXdI0Y,1623.0
d40HkCRVTF,1630.0
YLl7cRwnlM,1627.0
Mrmh2Tpz5w,1599.0
knce2FqnuJ,1590.0
TL6yKHJ1ME,1472.0
oFcB7ZEqoe,984.0
qLJN5ZMUJ5,987.0
j48Nfrh0wf,990.0
Ji5zALHQsT,1597.0
6emIvhNUby,1438.0
tdqWMWfjWr,1417.0
1X25AwHbF8,1274.0
jPkXlQYNeS,1284.0
EAevXwtS0j,1523.0
9CkZMnnkj6,1381.0
Rp5EhzCBiN,1443.0
0COhwMrxvu,1442.0
a4qKBAKUQy,1445.0
9evlpumTrY,1436.0
BxuzrY2Dd9,1024.0
hZLW5MnEkb,991.0
hirPTGNWh5,1419.0
1xqAFCU279,969.0
Ooahf8gRU6,966.0
8Sb61DcbfK,1005.0
HGk6erK3xE,1004.0
2rptQsamaJ,957.0
yTbxVAxang,955.0
Hv8d0Z9Qza,964.0
y2SJ6XeRKQ,914.0
U1Iw6RcoAk,921.0
HhXEfydjih,1005.0
QL29K1uFHM,928.0
O92WjBD1Lr,948.0
5HHn7MbC0G,1680.0
FoHj3Vtzes,1625.0
n1M9k4V08v,1650.0
GhwN29Xyt4,1661.0
RkBmhLBzr0,1762.0
1zylVtMPIy,1024.0
GdYiW71RAx,1022.0
50BZswnL7Z,1359.0
65tHO5U7ka,1400.0
MLgMlaWY20,1386.0
OQbYqku47o,1473.0
8BRDAW6jIL,1461.0
rYUBjDKaMN,1367.0
KuanQU4uvl,1564.0
QbOP2aqicw,1544.0
WTvx29NeIe,1565.0
IacBNOosMU,1584.0
JiCQvRoQgr,1596.0
4xr2n8Bspd,965.0
0RH0M5L8eW,974.0
lfD6UJbpc3,987.0
cFSO3KEw1c,979.0
7UFpsnJv2h,987.0
wVyr3JqQoE,992.0
MVy67KAs26,1008.0
VjxpgZwblA,1009.0
gyiDzUqTkF,1007.0
OyzlilCpNc,1022.0
RKJrodaODV,1055.0
istowtrEsh,1034.0
03tefrsVkf,1017.0
BYRtMlw3B8,964.0
zaKaROCSA1,984.0
CAH1cNDHAZ,1013.0
6syyx9eWES,1006.0
RitfbRTd4W,939.0
SMDlNgqwgq,1400.0
f3QHKAey0J,1409.0
PAORxMAxOL,1067.0
sP4iMK3L5Y,1064.0
NgarZPkDGx,956.0
XpbJDvjoY1,1410.0
2jsawJxm8w,1240.0
jjFWngOUOz,1234.0
hvQLox1Vot,998.0
91ZmgTfmPc,1275.0
vpWeBh4Msg,1226.0
7X2qEhThSQ,1235.0
yrJu5kvDQB,1318.0
XECOExPtPt,1595.0
S7XR0PMw7Y,1595.0
xCB3JerFVB,1605.0
SmerY4Nxht,1598.0
XV3NPEkJQE,1597.0
gLMKCtr6e8,1594.0
bqZMED1cSI,1593.0
fsnY0tWrQi,1582.0
sngZ1YteOP,1584.0
Tm4xT6leVd,1584.0
g4S72XSeyD,1586.0
Raks2lcTEY,1588.0
6p5Vifve1j,1594.0
N0Z5cKJewh,1597.0
AzcijXo7O6,1565.0
AdR8iPLBFU,900.0
fkfz9YkgAn,902.0
yaoubDoxey,916.0
smKImIaXCD,1447.0
vF9k0HqTVL,1407.0
mqhNrmxF71,1431.0
7YSGkg5ScG,942.0
VPr4vHN6gb,1245.0
3ChjbEffwy,1253.0
iZnmgFtegE,1563.0
ivTBvx0ciZ,1083.0
Ad5kzUxkXW,987.0
1SMuotIkFd,729.0
d17J1yWHMe,734.0
9oKZ2kKiE9,720.0
Y71mqL41zF,725.0
H823E0wyaf,728.0
b3X7aqzFWa,759.0
lQ3MgtShZ8,774.0
XwoF6RUJGm,736.0
HthaT2l8hN,735.0
j0KK33j8WP,735.0
YwoLEX1idh,728.0
rQwzelcnfM,724.0
jU4To5vdYa,718.0
ClENl4UA1D,732.0
mAPYVRCn1i,728.0
d1rHxtgXG1,720.0
Wzky42dbIO,721.0
NAL7yvmq3G,717.0
55me2l5TAv,760.0
laPIhLiK2K,1537.0
BRBJw7dCOL,1681.0
mexkCFSFaV,1634.0
Tdr9gQQX2z,1673.0
DJqeow8JI4,1546.0
M0P3w47UPO,1561.0
Nm907oojBk,1627.0
hae9HLisg9,1607.0
sARCpGvPoO,924.0
hNC8fwIW2f,941.0
hfxGdtfUCE,922.0
9cHo8oYWnb,932.0
L1R4MD70b6,921.0
uCX47tXh7k,925.0
bSckvdsAgb,932.0
0m9DVvUL3l,1597.0
JNZGd1NP4B,1032.0
pTXtnN1wYb,1037.0
u91dSEmO31,1035.0
pB7tC97Kiy,1037.0
XK2zeDDuzJ,1039.0
K9CEijaaF5,1054.0
Amd8ZlBmqg,1057.0
agsFpPvfMo,1057.0
tqW5RQLOna,1587.0
ZWkO1AcvXM,1588.0
DmxwHW4lm9,1572.0
fmzTFEvl0G,1575.0
splMaS5nB1,1572.0
EKb2jtZZZX,1574.0
c88V36s6oY,1091.0
VBGpkJTZ3b,1412.0
YvqRH7rmtl,1029.0
KBQZFl51H1,1029.0
9IM2iLEgKY,1498.0
SVCUQxtrRp,1050.0
cLoNvAMCTz,1022.0
Tnp4kHViri,1022.0
7pgvN8XqSb,1008.0
jDe0QkzjfW,1011.0
zHeDDAQ6US,1010.0
al2YbxAgDD,995.0
wmDNB8BwfI,1593.0
VWy7EkK2Up,1596.0
KNoBPyrrBS,1584.0
jnAg8N0dnN,1591.0
qH1FWVxPIh,1592.0
0YOSZk2pX6,1573.0
wPrGmV4anT,1570.0
Zvz1HR7DZw,1574.0
nu20QXXuF5,1575.0
XLpxpGxwJP,1573.0
Sw96zkpZVl,1578.0
FjADgwY5Lk,1578.0
heAEWTyaaP,1574.0
IYYrmtOpjY,1566.0
2aNQFTkELH,1572.0
Lc7Gjy6q7q,1579.0
pdCuDDMC9n,1589.0
Fi9jr6adFS,1315.0
i6JkyJrDoD,1289.0
EBbH5K52sR,1584.0
DXUdQd1OYA,1583.0
bOufHrTM2y,1585.0
3NOkCFtoIu,1045.0
hqX4HJUhGq,1074.0
U7FLsbXbDo,1070.0
MWwPwAUNqe,1073.0
NnJqACT3Jq,1075.0
YfoOCsKkxh,1061.0
DQRZSHwBCT,1064.0
y1eCKzdqKR,1060.0
Dlq3xzrrqJ,1061.0
dAbxpWsuAU,968.0
cTiSIBAdoX,1582.0
FG83RJH1ef,1582.0
eltzUfLO6v,1590.0
vuLbWKZlWS,1568.0
OrNAaYBS4i,1585.0
wYVn18EHPZ,1380.0
TV1B1vTg93,1415.0
2hv8G8YjPk,1016.0
LC7vByjO4h,1021.0
zelz3mMY5T,953.0
zIBi1X9Vjh,921.0
yzdMSB6l9k,1026.0
YZUWxXsPD9,1030.0
SK0A0kWT0y,1028.0
sqMCTrefH0,1025.0
xCeHEt5z1Y,1014.0
9BKkfksVsW,1029.0
DtchFZ4QLp,1034.0
4f3T0kahBR,1026.0
DPc6BYDnuq,1021.0
m7YR9SViWt,1009.0
ETlUgcXzqJ,1023.0
wj4tRDez9V,947.0
ngJmm41aW7,1575.0
PC2WpyTDJj,1581.0
1blRcSnmjj,1572.0
3zfQPeyLo5,1578.0
W6eS5T0x90,1566.0
sS88KNu4EF,1606.0
2z4TDzWIE2,1416.0
3ww6BUVLK6,1405.0
TFxT0oQ0JM,1566.0
6K2FI50CGF,1560.0
VinG1QSUY7,1561.0
v8hAJIHBE6,1412.0
r5j5TLGKML,1414.0
oprZI7sTbf,1427.0
wLZ8gedWuF,1416.0
nY6EFtzjCD,1420.0
Z6Y4Bg6zFb,1413.0
kd5EXFX1xO,1519.0
gfjOGWCCuI,1608.0
nlIFitCfId,923.0
MuRpSyUsDE,1340.0
IQwbgB5zc9,1432.0
bBR2ZRzosw,1318.0
sY8ts6wh4g,1026.0
iEiBJkHnYo,1418.0
xuQ5H2x2ZK,1407.0
ARABHWBZGJ,1399.0
qHESSuaKX7,1407.0
Uw8PZfylRt,1406.0
ByXQ8KKmS0,1427.0
zmXm3GolfL,1358.0
7RMVUtY0sX,1373.0
N3F8FIJNlJ,1492.0
p6rU6SdKYb,1548.0
tHgnm8rNmq,1555.0
