"colname"	"colindex"	"coltype"	"n_distinct"	"n_missing"	"mean"	"median"	"min"	"max"	"type"	"values"	"questn"
"fmba_campaign_year"	1	"numeric"	1	0	2024	2024	2024	2024	NA	NA	NA
"FRMRgender"	2	"character"	2	0	NA	NA	NA	NA	"calculation"	"Mr / Ms"	NA
"FRMRregion"	3	"character"	2	0	NA	NA	NA	NA	"calculation"	NA	NA
"FRMRdistrict"	4	"character"	7	0	NA	NA	NA	NA	"select_one"	"Mbinga / Namtumbo / Nyasa / Songea_Municipal / Songea_Rural / Tunduru / Ileje / Mbozi / Momba / Songwe / Tunduma"	"Farmer location
Region: ${region}
Select the district where farmer lives:"
"FRMRward"	5	"character"	44	0	NA	NA	NA	NA	"calculation"	NA	NA
"previousadvice"	6	"character"	2	0	NA	NA	NA	NA	"select_one"	"yes / no"	"Advice with phone last season?
Was Farmer-MBA advice given to you for the 2023-24 season?"
"mainharvestcrop"	7	"character"	14	0	NA	NA	NA	NA	"calculation"	NA	NA
"minorharvestcrop"	8	"character"	10	3704	NA	NA	NA	NA	"calculation"	NA	NA
"crophistory"	9	"character"	44	0	NA	NA	NA	NA	"select_multiple"	"maize / beans / groundnuts / soya / pigeonpea / coffee / roundpotatoes / sunflower / sweetpotatoes / othercrop / intercrop / no_crop / dontknow"	"Crops in 2022-23 season
Which crop(s) did you grow on the measured field area the season BEFORE last season? (2022-23)"
"crophistory_cropnumber"	10	"numeric"	4	0	0.973361747469365	1	0	3	"calculation"	NA	NA
"crophistory_intercrop"	11	"character"	3	3456	NA	NA	NA	NA	"select_one"	"yes / no"	"Did you grow the crops (${crophistory}) MIXED on the measured field area, the season BEFORE last season? (2022-23)"
"fieldslope"	12	"character"	3	0	NA	NA	NA	NA	"select_one"	"little-slope / medium-slope / steep-slope"	"Field slope
What is the slope of the field?"
"landscape"	13	"character"	3	0	NA	NA	NA	NA	"select_one"	"hilltop / hillside / in-the-valley"	"Landscape position
Where is your field located?"
"soil_texture"	14	"character"	3	0	NA	NA	NA	NA	"calculation"	"clay / clay-loam / sandy"	NA
"est_harvestarea_ha"	15	"numeric"	3733	0	0.579738743279422	0.432589344945279	0.00404686	6.07029	NA	NA	NA
"gpsharvestarea_corrected_ha"	16	"numeric"	3754	0	0.568609889018865	0.427334832656349	0.000804587173987966	11.6373953239995	NA	NA	NA
"area_diff_m2"	17	"units"	3754	0	-47807400.4208981	8.67271857292508	-179462756261.374	95735.7338710757	NA	NA	NA
"harvestarea_ha"	18	"numeric"	3754	0	0.568609889018865	0.427334832656349	0.000804587173987966	11.6373953239995	"calculation"	NA	NA
"maizeprodkg_ha"	19	"numeric"	1918	1837	4384.65336015981	4394.80084116428	216.052269897025	13067.5993292452	"calculation"	NA	NA
"beans1prodkg_ha"	20	"numeric"	226	3528	714.861363511561	631.904373134604	0	2749.40200645358	"calculation"	NA	NA
"beans2prodkg_ha"	21	"numeric"	36	3719	622.369914894961	609.882173773936	0	1813.77333971398	"calculation"	NA	NA
"beans3prodkg_ha"	22	"logical"	1	3754	NA	NA	NA	NA	"calculation"	NA	NA
"soyaprodkg_ha"	23	"numeric"	621	3134	1038.1205455948	981.380780677554	82.7874957009814	3261.11404132645	"calculation"	NA	NA
"gnutsprodkg_ha"	24	"numeric"	319	3435	852.101073756326	732.07147190185	0	2770.00552109295	"calculation"	NA	NA
"othermaincropprodkg_ha"	25	"numeric"	136	3619	3287.58695470073	1516.53443135183	0	39995.7256277734	NA	NA	NA
"otherminorcropprodkg_ha"	26	"numeric"	29	3722	1032.2916271886	618.916895712915	0	5225.23246926164	NA	NA	NA
"maizemarketing"	27	"character"	6	1815	NA	NA	NA	NA	"select_one"	NA	"Harvesting - last season
Was the maize you planted on this field for selling or for eating?"
"maizeharvest_seperate"	28	"character"	3	1815	NA	NA	NA	NA	"select_one"	"yes / little / no / dontknow"	"Did you keep the maize harvest of this field separate from your other maize field(s)?"
"maizeharvestsheller"	29	"character"	3	1815	NA	NA	NA	NA	"select_one"	"yes / little / no / dontknow"	"Did you use a shelling machine at harvest for this field?"
"maizevariety"	30	"character"	31	1815	NA	NA	NA	NA	"calculation"	NA	NA
"maizerecycledseed"	31	"character"	3	1815	NA	NA	NA	NA	"select_one"	"yes / little / no / dontknow"	"Was the seed you planted from grain that was harvested in a previous season? (marudio)"
"maizefieldprep"	32	"character"	5	1815	NA	NA	NA	NA	"select_one"	NA	"How did you prepare your field? "
"maizeplantingmethod"	33	"character"	5	1815	NA	NA	NA	NA	"select_one"	"plough-sowing / string / handhoe / different"	"How did you plant your maize? "
"maizeplantmonth"	34	"character"	5	1815	NA	NA	NA	NA	"select_one"	"November / December / January / February / March / April"	"In which MONTH did you plant MAIZE in this field?
"
"maizeplantmonthpart"	35	"character"	3	1815	NA	NA	NA	NA	"select_one"	"first / last"	"Did you plant the FIRST half or LAST half of ${maizeplantmonth}?"
"maizedryplant"	36	"character"	3	1955	NA	NA	NA	NA	"select_one"	"yes / no"	"Did you plant before the rains (dry-planting) ?"
"maizePdeficiency"	37	"character"	5	1815	NA	NA	NA	NA	"select_one"	"yes / little / no / dontknow"	"Leaves of YOUNG plants (< 40cm) are purple in colour. Some seeds did not emerge or plants are thin, small or stunted. P-deficiency can also result in small-sized cobs.
(Note! Purple coloured leaves in older plants can be a variety feature and are NOT a sign of P-deficiency)
During last season, did your young maize plants in this field look like in the pictures?"
"maizeKdeficiency"	38	"character"	5	1815	NA	NA	NA	NA	NA	NA	NA
"maizeherbicides"	39	"character"	8	1815	NA	NA	NA	NA	"select_multiple"	"no-herbicide / pre-emergence / post-emergence"	"Herbicide use - last season
What herbicides were used on this field?"
"maizeweedings"	40	"integer"	5	1815	1.28726147498711	1	0	3	"select_one"	"0 / 1 / 2 / 3 / 4 / 5 / 6"	"Weeding - last season
How many times did you weed the field after planting?"
"maizepestdisease"	41	"character"	5	1815	NA	NA	NA	NA	"select_one"	"yes / little / no / dontknow"	"Pests & diseases - last season
Was your maize yield affected a lot by pests and/or diseases?"
"maizeresidues"	42	"character"	7	1815	NA	NA	NA	NA	"select_one"	"leave on field / incorporate in the soil / feed to animals / move to another field / burn / sell / other"	"What did you do with the residues of last season’s maize crop on this field?"
"numberbeansharvests"	43	"numeric"	3	3525	1.12227074235808	1	1	2	"select_one"	"0 / 1 / 2 / 3 / 4 / 5 / 6"	"Beans harvest (2023-24 season)
How many times did you grow beans on this field in the past season?"
"beans1plantmonth"	44	"character"	7	3525	NA	NA	NA	NA	"select_one"	"November / December / January / February / March / April"	"In which month did you FIRST plant beans?"
"beans1plantmonthpart"	45	"character"	3	3525	NA	NA	NA	NA	"select_one"	"first / last"	"Did you plant the FIRST or the LAST half of ${beans1plantmonth}?"
"beans1_harvestmeasure"	46	"character"	3	3525	NA	NA	NA	NA	NA	NA	NA
"beans2plantmonth"	47	"character"	4	3725	NA	NA	NA	NA	"select_one"	"November / December / January / February / March / April"	"SECOND BEANS harvest (2023-24 season)
In which month did you plant beans for the SECOND time?"
"beans2plantmonthpart"	48	"character"	3	3726	NA	NA	NA	NA	"select_one"	"first / last"	"Did you plant the FIRST or the LAST half of ${beans2plantmonth}?"
"beans2_harvestmeasure"	49	"character"	3	3718	NA	NA	NA	NA	NA	NA	NA
"beans3plantmonth"	50	"character"	1	3754	NA	NA	NA	NA	"select_one"	"November / December / January / February / March / April"	"THIRD BEANS harvest (2023-24)
In which month did you plant beans for the THIRD time?"
"beans3plantmonthpart"	51	"character"	1	3754	NA	NA	NA	NA	"select_one"	"first / last"	"Did you plant the FIRST or the LAST half of ${beans3plantmonth}?"
"beans3_harvestmeasure"	52	"character"	1	3754	NA	NA	NA	NA	NA	NA	NA
"beansvariety1"	53	"character"	11	3525	NA	NA	NA	NA	"calculation"	NA	NA
"beansvariety2"	54	"character"	4	3748	NA	NA	NA	NA	"calculation"	NA	NA
"beans1marketing"	55	"character"	6	3525	NA	NA	NA	NA	"select_one"	NA	"Beans crop - last season
Was ${beansvariety1} for selling or for eating?"
"beansseedsource1"	56	"character"	6	3525	NA	NA	NA	NA	"select_one"	"own / seedpacket / qds / informal / informalmarket"	".
How did you get the ${beansvariety1} seeds?"
"beans2marketing"	57	"character"	4	3748	NA	NA	NA	NA	"select_one"	NA	"Beans crop - last season
Was ${beansvariety2} for selling or for eating?"
"beansseedsource2"	58	"character"	4	3748	NA	NA	NA	NA	"select_one"	"own / seedpacket / qds / informal / informalmarket"	"How did you get the ${beansvariety2} seeds?"
"beansfieldprep"	59	"character"	4	3525	NA	NA	NA	NA	"select_one"	NA	"How did you prepare your field? "
"beanplantingmethod"	60	"character"	5	3525	NA	NA	NA	NA	"select_one"	"plough-sowing / string / handhoe / different"	"How did you plant your beans? "
"beansKdeficiency"	61	"character"	5	3535	NA	NA	NA	NA	NA	NA	NA
"beansherbicides"	62	"character"	5	3525	NA	NA	NA	NA	"select_multiple"	"no-herbicide / pre-emergence / post-emergence"	"Herbicide use - last season
What herbicides were used on this field?"
"beansweedings"	63	"integer"	4	3525	1.31004366812227	1	0	2	"select_one"	"0 / 1 / 2 / 3 / 4 / 5 / 6"	"Weeding - last season
How many times did you weed the field after planting?"
"beansresidues"	64	"character"	6	3525	NA	NA	NA	NA	"select_one"	"leave on field / incorporate in the soil / feed to animals / move to another field / burn / sell / other"	"What did you do with the residues of last season’s bean crop on this field?"
"beanspests"	65	"character"	4	3525	NA	NA	NA	NA	"select_one"	"yes / little / no / dontknow"	"Pests - last season
Was your beans yield affected a lot by pests? (insects)"
"beansdiseases"	66	"character"	4	3525	NA	NA	NA	NA	"select_one"	"yes / little / no / dontknow"	"Diseases - last season
Did you observe diseases in your beans?"
"gnuts_harvestmeasure"	67	"character"	3	3431	NA	NA	NA	NA	NA	NA	NA
"gnuts_shellstatus"	68	"character"	3	3431	NA	NA	NA	NA	"select_one"	"unshelled / shelled"	"Is this shelled or unshelled?"
"gnutsmarketing"	69	"character"	6	3431	NA	NA	NA	NA	"select_one"	NA	"Groundnut crop - last season
Were yourgroundnuts} for selling or for eating?"
"gnutsseedsource"	70	"character"	6	3431	NA	NA	NA	NA	NA	NA	NA
"gnutsfieldprep"	71	"character"	4	3431	NA	NA	NA	NA	"select_one"	NA	"How did you prepare your field? "
"gnutsplantingmethod"	72	"character"	5	3431	NA	NA	NA	NA	"select_one"	"plough-sowing / string / handhoe / different"	"How did you plant your groundnuts? "
"gnutsplantmonth"	73	"character"	5	3431	NA	NA	NA	NA	"select_one"	"November / December / January / February / March / April"	"In which MONTH did you plant groundnuts in this field?
"
"gnutplantmonthpart"	74	"character"	3	3431	NA	NA	NA	NA	"select_one"	"first / last"	"Did you plant the FIRST half or LAST half of ${gnutsplantmonth}?"
"gnutsherbicides"	75	"character"	5	3431	NA	NA	NA	NA	"select_multiple"	"no-herbicide / pre-emergence / post-emergence"	"Herbicide use - last season
What herbicides were used on this field?"
"gnutsweedings"	76	"integer"	4	3431	1.44272445820433	1	0	2	"select_one"	"0 / 1 / 2 / 3 / 4 / 5 / 6"	"Weeding - last season
How many times did you weed the field after planting?"
"gnutsresidues"	77	"character"	7	3431	NA	NA	NA	NA	"select_one"	"leave on field / incorporate in the soil / feed to animals / move to another field / burn / sell / other"	"What did you do with the residues of last season’s groundnuts crop on this field?"
"gnutspests"	78	"character"	5	3431	NA	NA	NA	NA	"select_one"	"yes / little / no / dontknow"	"Pests - last season
Was your groundnuts yield affected a lot by pests? (insects)"
"gnutsdiseases"	79	"character"	5	3431	NA	NA	NA	NA	"select_one"	"yes / little / no / dontknow"	"Diseases - last season
Did you observe diseases in your groundnuts?"
"soyaprodkg"	80	"numeric"	69	3124	557.983174603176	408	17	8160	"calculation"	NA	NA
"soyavariety"	81	"character"	8	3116	NA	NA	NA	NA	"select_one"	"local / Uyole02 / Uyole04 / SC_Safari / SC_Semeke / SC_Spike / SC_Squire / dontknow / variety-notlisted"	"Soya crop - last season
Which variety did you grow on this field?"
"soyaseedsource"	82	"character"	10	3116	NA	NA	NA	NA	"select_one"	"own / agrodealer / contract / otherfarmer / research / ngo_project / relative_friend / association / informalmarket / govt / other"	"Soya crop - last season
How did you get the ${soyavariety} seeds?"
"soyafieldprep"	83	"character"	5	3116	NA	NA	NA	NA	"select_one"	NA	"How did you prepare your field? "
"soyaplantingmethod"	84	"character"	5	3116	NA	NA	NA	NA	"select_one"	"plough-sowing / string / handhoe / different"	"How did you plant your soya? "
"inoculant_awareness"	85	"character"	3	3116	NA	NA	NA	NA	"select_one"	"yes / little / no / dontknow"	"Inoculants
Inoculants are a powder that contain beneficial bacteria. When mixed with soya bean seeds before planting, these bacteria help the roots to capture nitrogen (N) from the air so that the plants can grow better. When using inoculants with your soya, you get better soya bean yields and you do not need to use nitrogen (N) fertilisers (Urea, CAN, SA) on your soya beans.
Did you already know about inoculants? (before reading this)"
"inoculantfreq"	86	"character"	4	3116	NA	NA	NA	NA	"select_one"	"everyseason / one-in-two / one-in-many / never"	"Do you use inoculants on your soya?"
"inoculant_use"	87	"character"	3	3116	NA	NA	NA	NA	"select_one"	"yes / little / no / dontknow"	"Was inoculant used on your this soya field last season? (2023-24 season)"
"inoculanttype"	88	"character"	3	3746	NA	NA	NA	NA	"select_one"	"biofix / legumefix / nitrofix / other / dontknow"	"Inoculant brand
Which brand of inoculant did you use?"
"inoculantpackets"	89	"integer"	5	3746	1.75	1	1	4	"select_one"	"0 / 1 / 2 / 3 / 4 / 5 / 6"	"How many packets of inoculant did you use?"
"soyaplantmonth"	90	"character"	7	3116	NA	NA	NA	NA	"select_one"	"November / December / January / February / March / April"	"In which MONTH did you plant soya in this field?
"
"soyaplantmonthpart"	91	"character"	3	3116	NA	NA	NA	NA	"select_one"	"first / last"	"Did you plant the FIRST half or LAST half of ${soyaplantmonth}?"
"soyaPdeficiency"	92	"character"	5	3121	NA	NA	NA	NA	"select_one"	"yes / little / no / dontknow"	"
During last season, did your soya plants in this field look like in the pictures?"
"soyaKdeficiency"	93	"character"	5	3121	NA	NA	NA	NA	NA	NA	NA
"soyaherbicides"	94	"character"	4	3116	NA	NA	NA	NA	"select_multiple"	"no-herbicide / pre-emergence / post-emergence"	"Herbicide use - last season
What herbicides were used on this field?"
"soyaweedings"	95	"integer"	4	3116	1.08307210031348	1	0	2	"select_one"	"0 / 1 / 2 / 3 / 4 / 5 / 6"	"Weeding - last season
How many times did you weed the field after planting?"
"soyapests"	96	"character"	5	3116	NA	NA	NA	NA	"select_one"	"yes / little / no / dontknow"	"Pests - last season (2023-24)
Was your soya yield affected a lot by pests? (insects)"
"soyadiseases"	97	"character"	5	3116	NA	NA	NA	NA	"select_one"	"yes / little / no / dontknow"	"Diseases - last season (2023-24)
Was your soya yield affected a lot by diseases?"
"soyapesttypes"	98	"character"	6	3663	NA	NA	NA	NA	"select_multiple"	"soyabean-aphids / spidermites / otherpest"	"Pests - last season (2023-24)
Which pests did you see in your soya?"
"numsoyapests"	99	"integer"	5	3116	0.181818181818182	0	0	3	"calculation"	NA	NA
"soyadiseasetypes"	100	"character"	6	3671	NA	NA	NA	NA	"select_multiple"	"rust / frogeye / bacblight / otherdisease"	"Diseases - last season (2023-24)
Which diseases did you see in your soya?"
"numsoyadiseases"	101	"integer"	5	3116	0.181818181818182	0	0	3	"calculation"	NA	NA
"soyaresidues"	102	"character"	7	3116	NA	NA	NA	NA	"select_one"	"leave on field / incorporate in the soil / feed to animals / move to another field / burn / sell / other"	"What did you do with the residues of last season’s soya crop on this field?"
"othermaincrop_harvestmeasure"	103	"character"	3	3619	NA	NA	NA	NA	NA	NA	NA
"minorcrop_harvestmeasure"	104	"character"	3	3722	NA	NA	NA	NA	NA	NA	NA
"herbicides"	105	"character"	2	3752	NA	NA	NA	NA	"select_multiple"	"no-herbicide / pre-emergence / post-emergence"	"Herbicide use - last season
What herbicides were used on the measured field?"
"weedings"	106	"integer"	2	3752	1	1	1	1	"select_one"	"0 / 1 / 2 / 3 / 4 / 5 / 6"	"Weeding - last season
How many times did you weed the field after planting?"
"manurefreq"	107	"character"	4	0	NA	NA	NA	NA	"select_one"	"everyseason / one-in-two / one-in-many / never"	"Manure use 
How often do you use manure on this field?"
"manure"	108	"character"	2	0	NA	NA	NA	NA	"select_one"	"yes / little / no / dontknow"	"Did you apply manure on this field last season? (2023-24 season)
"
"fertiliser_use"	109	"character"	2	0	NA	NA	NA	NA	"select_one"	"yes / little / no / dontknow"	"Fertiliser use - 2023-24 season
Did you apply chemical fertiliser on this field?"
"basal_application"	110	"character"	5	2261	NA	NA	NA	NA	"select_one"	"none / next-to-seed / placement-when-ploughing / broadcasting"	"Maize field 
How did you apply fertiliser at planting?"
"basaltypes"	111	"character"	27	2703	NA	NA	NA	NA	NA	NA	NA
"KGbasal_ha"	112	"numeric"	974	2769	138.643230479607	127.271517428249	0	330.595414597599	NA	NA	NA
"KGNbasal_ha"	113	"numeric"	974	2769	28.0610716624036	23.4370618995871	0	123.579339914325	NA	NA	NA
"KGPbasal_ha"	114	"numeric"	839	2769	22.7690764005556	24.0596466264857	0	63.7284690018353	NA	NA	NA
"KGKbasal_ha"	115	"numeric"	4	2769	0.0310446521371346	0	0	26.0313557291847	NA	NA	NA
"TShbasal_ha"	116	"numeric"	974	2769	209940.39327875	195029.178185021	0	749054.874697222	NA	NA	NA
"topnumber"	117	"integer"	5	1815	1.57452294997421	2	0	3	"select_one"	"0 / 1 / 2 / 3 / 4 / 5 / 6"	"Fertiliser use - last season
How many times did you apply fertiliser on the field after planting? (kukuzia)"
"top1timing"	118	"character"	7	1886	NA	NA	NA	NA	"select_one"	"emergence / 5-6-leaves / knee-high / 8-10-leaves / tasseling / silking"	"Fertiliser use - last season
When did you FIRST apply fertiliser after planting? (kukuzia)"
"top1application"	119	"character"	5	1886	NA	NA	NA	NA	"select_one"	"broadcasting / next-to-seed / covered / dibble-next-to-seed"	"How did you apply this fertiliser?"
"top1types"	120	"character"	35	1886	NA	NA	NA	NA	"select_multiple"	"DAP / NPK-11|22|21 / NPK-14|23|14 / NPK-20|10|10 / Yara-Mila-OTESHA / Yara-Mila-Cereal / NPK-17|17|17 / Urea / Bela-CAN26 / CAN27-OCP / Yara-Bela-Sulfan / SA / Yara-Vera-Amidas / NPS / NPSZinc / TSP / Booster / MinjinguNafaka / MinjinguMOHP"	"What type(s) of fertiliser did you apply this FIRST time after planting? (kukuzia)"
"KGtop1_ha"	121	"numeric"	985	2769	152.57868692532	136.696640836335	0	568.422884509091	NA	NA	NA
"KGNtop1_ha"	122	"numeric"	985	2769	54.60397839008	52.0186408947045	0	178.399823675478	NA	NA	NA
"KGPtop1_ha"	123	"numeric"	205	2769	5.8312272576314	0	0	95.6492874369415	NA	NA	NA
"KGKtop1_ha"	124	"numeric"	6	2769	0.0494941368253724	0	0	21.6927964409873	NA	NA	NA
"TShtop1_ha"	125	"numeric"	985	2769	208824.882228475	184768.493957332	0	1498109.74939444	NA	NA	NA
"top2timing"	126	"character"	7	2584	NA	NA	NA	NA	"select_one"	"emergence / 5-6-leaves / knee-high / 8-10-leaves / tasseling / silking"	"Fertiliser use - last season
When did you SECOND apply fertiliser after planting? (kukuzia)"
"top2application"	127	"character"	5	2584	NA	NA	NA	NA	"select_one"	"broadcasting / next-to-seed / covered / dibble-next-to-seed"	"How did you apply this fertiliser?"
"top2types"	128	"character"	27	2584	NA	NA	NA	NA	"select_multiple"	"DAP / NPK-11|22|21 / NPK-14|23|14 / NPK-20|10|10 / Yara-Mila-OTESHA / Yara-Mila-Cereal / NPK-17|17|17 / Urea / Bela-CAN26 / CAN27-OCP / Yara-Bela-Sulfan / SA / Yara-Vera-Amidas / NPS / NPSZinc / TSP / Booster / MinjinguNafaka / MinjinguMOHP"	"What type(s) of fertiliser did you apply this SECOND time after planting? (kukuzia)"
"KGtop2_ha"	129	"numeric"	574	3181	188.577416530486	158.507178221499	6.90116363371053	626.973273238177	NA	NA	NA
"KGNtop2_ha"	130	"numeric"	574	3181	58.473032575553	54.5603453577213	1.79430254476474	208.074563578818	NA	NA	NA
"KGPtop2_ha"	131	"numeric"	15	3181	0.519993151009369	0	0	63.4496952517035	NA	NA	NA
"KGKtop2_ha"	132	"numeric"	7	3181	0.203266699314763	0	0	58.9544555687462	NA	NA	NA
"TShtop2_ha"	133	"numeric"	574	3181	235933.435156493	197276.170510385	8419.41963312685	1354401.47131558	NA	NA	NA
"top3timing"	134	"character"	4	3739	NA	NA	NA	NA	"select_one"	"emergence / 5-6-leaves / knee-high / 8-10-leaves / tasseling / silking"	"Fertiliser use - last season
When did you THIRD apply fertiliser after planting? (kukuzia)"
"top3application"	135	"character"	4	3739	NA	NA	NA	NA	"select_one"	"broadcasting / next-to-seed / covered / dibble-next-to-seed"	"How did you apply this fertiliser?"
"top3types"	136	"character"	9	3739	NA	NA	NA	NA	"select_multiple"	"DAP / NPK-11|22|21 / NPK-14|23|14 / NPK-20|10|10 / Yara-Mila-OTESHA / Yara-Mila-Cereal / NPK-17|17|17 / Urea / Bela-CAN26 / CAN27-OCP / Yara-Bela-Sulfan / SA / Yara-Vera-Amidas / NPS / NPSZinc / TSP / Booster / MinjinguNafaka / MinjinguMOHP"	"What type(s) of fertiliser did you apply this THIRD time after planting? (kukuzia)"
"KGtop3_ha"	137	"numeric"	6	3749	135.288869863538	108.089549679445	99.7128758539041	211.489561349027	NA	NA	NA
"KGNtop3_ha"	138	"numeric"	6	3749	34.1345503712952	28.1032829166557	21.851671657719	54.9872859507471	NA	NA	NA
"KGPtop3_ha"	139	"numeric"	2	3749	0	0	0	0	NA	NA	NA
"KGKtop3_ha"	140	"numeric"	2	3749	0	0	0	0	NA	NA	NA
"TShtop3_ha"	141	"numeric"	6	3749	160057.753426038	131869.250608923	101974.467736022	258017.264845813	NA	NA	NA
"KGtop_ha"	142	"numeric"	985	2769	262.965797606829	227.884349945559	0	945.151061629857	NA	NA	NA
"KGNtop_ha"	143	"numeric"	985	2769	88.7925270374388	80.6380546740091	0	344.835300280997	NA	NA	NA
"KGPtop_ha"	144	"numeric"	208	2769	6.13372073532516	0	0	116.442610792798	NA	NA	NA
"KGKtop_ha"	145	"numeric"	11	2769	0.167739638051119	0	0	58.9544555687462	NA	NA	NA
"TShtop_ha"	146	"numeric"	985	2769	346885.945286141	286699.344307558	0	2082167.78877057	NA	NA	NA
"KGtotal_ha"	147	"numeric"	986	2769	401.609028086435	363.431712365257	0	1253.94654647635	NA	NA	NA
"KGNtotal_ha"	148	"numeric"	986	2769	116.853598699842	108.385357373776	0	401.262894872433	NA	NA	NA
"KGPtotal_ha"	149	"numeric"	844	2769	28.9027971358807	25.6248752056697	0	154.702325767575	NA	NA	NA
"KGKtotal_ha"	150	"numeric"	12	2769	0.198784290188252	0	0	58.9544555687462	NA	NA	NA
"TShtotal_ha"	151	"numeric"	986	2769	556826.338564891	502675.226806764	0	2703671.66566104	NA	NA	NA
"nomaizefertilisers"	152	"character"	14	3593	NA	NA	NA	NA	"select_multiple"	"DAP / NPK-11|22|21 / NPK-14|23|14 / NPK-20|10|10 / Yara-Mila-OTESHA / Yara-Mila-Cereal / NPK-17|17|17 / Urea / Bela-CAN26 / CAN27-OCP / Yara-Bela-Sulfan / SA / Yara-Vera-Amidas / NPS / NPSZinc / TSP / Booster / MinjinguNafaka / MinjinguMOHP"	"Fertiliser use - last season
What type(s) of fertiliser did you use on this field last season? (2023-24 season)"
"KGnomaizefertiltype1_ha"	153	"numeric"	155	3600	126.460121571396	121.058974278002	0	368.703725382716	NA	NA	NA
"KGnomaizefertiltype2_ha"	154	"numeric"	13	3742	75.360391166921	79.7974061196569	29.1762523726873	128.036863030331	NA	NA	NA
"KGnomaizefertil_ha"	155	"numeric"	155	3600	132.332359844143	125.928771707084	0	368.703725382716	NA	NA	NA
"KGNnomaizefertil_ha"	156	"numeric"	155	3600	25.3093792968453	23.151813462498	0	89.3134534305675	NA	NA	NA
"KGPnomaizefertil_ha"	157	"numeric"	136	3600	23.0615022103801	23.5970661496381	0	74.6256340174618	NA	NA	NA
"KGKnomaizefertil_ha"	158	"numeric"	5	3600	0.330510017329152	0	0	21.0512565668981	NA	NA	NA
"TShnomaizefertil_ha"	159	"numeric"	155	3600	197036.071953223	187793.712225031	0	567803.737089383	NA	NA	NA
"maizekgseed_ha"	160	"numeric"	1768	1987	22.6269269027775	23.2149185576372	0.720097112999959	35.2551514508112	"calculation"	NA	NA
"kgbeansseed_ha"	161	"numeric"	202	3553	65.9463013313899	57.7443450500288	12.9149133888441	225.014560008115	"calculation"	NA	NA
"kggnutsseed_ha"	162	"numeric"	285	3470	77.6366973164772	72.5368243743084	3.28063163912541	209.850926351937	"calculation"	NA	NA
"kgsoyaseed_ha"	163	"numeric"	616	3134	42.9188403748425	42.489725795172	0	91.0191856868751	"calculation"	NA	NA
"instanceID"	164	"character"	3754	0	NA	NA	NA	NA	NA	NA	NA
"surveyDate"	165	"character"	95	0	NA	NA	NA	NA	NA	NA	NA
"start"	166	"character"	3754	0	NA	NA	NA	NA	NA	NA	NA
"end"	167	"character"	3754	0	NA	NA	NA	NA	NA	NA	NA
"PHONEmodel"	168	"character"	6	0	NA	NA	NA	NA	"calculation"	NA	NA
"PHONEcode"	169	"character"	61	0	NA	NA	NA	NA	"calculation"	NA	NA
"fieldID"	170	"character"	3753	0	NA	NA	NA	NA	NA	NA	NA
"is_revisit"	171	"logical"	2	0	NA	NA	NA	NA	NA	NA	NA
"is_splitted"	172	"logical"	2	0	NA	NA	NA	NA	NA	NA	NA
"is_duplicated"	173	"logical"	2	0	NA	NA	NA	NA	NA	NA	NA
"n_overlap"	174	"integer"	10	2092	1.64921780986763	1	1	9	NA	NA	NA
"id_unique"	175	"character"	1663	2092	NA	NA	NA	NA	NA	NA	NA
"id_cross"	176	"character"	1308	2092	NA	NA	NA	NA	NA	NA	NA
"is_duplicated_multiple"	177	"logical"	2	0	NA	NA	NA	NA	NA	NA	NA
"is_duplicated_saved"	178	"logical"	2	0	NA	NA	NA	NA	NA	NA	NA
"is_tiny_area"	179	"logical"	2	0	NA	NA	NA	NA	NA	NA	NA
"geometry"	180	"sfc_POINT"	3754	0	NA	NA	NA	NA	NA	NA	NA
